genome_ID	OTU	NCBI_ID	novelty_category
GCA_000836965.1	836965	2681618	Complete Genome
GCA_000837025.1	837025	10658	Complete Genome
GCA_000837225.1	837225	2681603	Complete Genome
GCA_000837465.1	837465	88870	Complete Genome
GCA_000837485.1	837485	77048	Complete Genome
GCA_000837665.1	837665	2681624	Complete Genome
GCA_000837685.1	837685	2932878	Complete Genome
GCA_000837745.1	837745	2682836	Complete Genome
GCA_000837885.1	837885	2992577	Complete Genome
GCA_000838165.1	838165	2905920	Complete Genome
GCA_000838905.1	838905	155148	Complete Genome
GCA_000839045.1	839045	2905721	Complete Genome
GCA_000839625.1	839625	1604876	Complete Genome
GCA_000839905.1	839905	171618	Complete Genome
GCA_000839925.2	839925	33771	Complete Genome
GCA_000840305.1	840305	2994042	Complete Genome
GCA_000840405.1	840405	2905728	Complete Genome
GCA_000840565.1	840565	2907830	Complete Genome
GCA_000840585.1	840585	205880	Complete Genome
GCA_000840625.2	840625	215158	Complete Genome
GCA_000840725.1	840725	242861	Complete Genome
GCA_000840845.1	840845	2883940	Complete Genome
GCA_000840865.2	840865	2883944	Complete Genome
GCA_000840885.2	840885	2907834	Complete Genome
GCA_000840945.1	840945	2992641	Complete Genome
GCA_000841185.1	841185	207597	Complete Genome
GCA_000841245.1	841245	2681609	Complete Genome
GCA_000841365.1	841365	2907832	Complete Genome
GCA_000841385.2	841385	2907831	Complete Genome
GCA_000841405.1	841405	2992578	Complete Genome
GCA_000841465.2	841465	2847106	Complete Genome
GCA_000841545.1	841545	236750	Complete Genome
GCA_000841725.1	841725	2885909	Complete Genome
GCA_000841805.1	841805	2881392	Complete Genome
GCA_000842085.1	842085	2992645	Complete Genome
GCA_000842165.1	842165	197783	Complete Genome
GCA_000842265.1	842265	2907838	Complete Genome
GCA_000842285.1	842285	2907956	Complete Genome
GCA_000842345.1	842345	205874	Complete Genome
GCA_000842365.1	842365	205877	Complete Genome
GCA_000842425.1	842425	2907963	Complete Genome
GCA_000842485.1	842485	2907964	Complete Genome
GCA_000842865.1	842865	2932882	Complete Genome
GCA_000842885.1	842885	1714273	Complete Genome
GCA_000842965.1	842965	2905945	Complete Genome
GCA_000843045.1	843045	2679897	Complete Genome
GCA_000843065.1	843065	2907833	Complete Genome
GCA_000843085.1	843085	225588	Complete Genome
GCA_000843125.1	843125	196242	Complete Genome
GCA_000843145.1	843145	2907955	Complete Genome
GCA_000843225.1	843225	2905867	Complete Genome
GCA_000843245.1	843245	2880362	Complete Genome
GCA_000843265.1	843265	2907796	Complete Genome
GCA_000843405.1	843405	2907836	Complete Genome
GCA_000843605.1	843605	2883949	Complete Genome
GCA_000843785.1	843785	75320	Complete Genome
GCA_000844065.1	844065	260372	Complete Genome
GCA_000844165.1	844165	2886926	Complete Genome
GCA_000844345.1	844345	151599	Complete Genome
GCA_000844445.1	844445	260827	Complete Genome
GCA_000844485.1	844485	49964	Complete Genome
GCA_000844585.1	844585	2883945	Complete Genome
GCA_000844605.1	844605	2993857	Complete Genome
GCA_000845025.2	845025	2932880	Complete Genome
GCA_000845425.1	845425	2883946	Complete Genome
GCA_000845445.1	845445	2883943	Complete Genome
GCA_000845765.1	845765	2908168	Complete Genome
GCA_000846045.1	846045	2892344	Complete Genome
GCA_000846305.1	846305	2881399	Complete Genome
GCA_000846625.1	846625	279281	Complete Genome
GCA_000846925.1	846925	294382	Complete Genome
GCA_000848025.1	848025	51369	Complete Genome
GCA_000848045.2	848045	10719	Complete Genome
GCA_000848825.1	848825	2681617	Complete Genome
GCA_000849625.1	849625	10747	Complete Genome
GCA_000849825.2	849825	2905923	Complete Genome
GCA_000857445.1	857445	238854	Complete Genome
GCA_000857585.1	857585	322855	Complete Genome
GCA_000857625.1	857625	2908096	Complete Genome
GCA_000857645.1	857645	2908113	Complete Genome
GCA_000857665.1	857665	2936814	Complete Genome
GCA_000857985.1	857985	268747	Complete Genome
GCA_000858305.1	858305	2679898	Complete Genome
GCA_000858505.1	858505	2908167	Complete Genome
GCA_000858605.1	858605	320836	Complete Genome
GCA_000858745.1	858745	2908095	Complete Genome
GCA_000859345.1	859345	2908166	Complete Genome
GCA_000859385.1	859385	2952374	Complete Genome
GCA_000859545.1	859545	2679904	Complete Genome
GCA_000859585.1	859585	268746	Complete Genome
GCA_000859685.1	859685	2892345	Complete Genome
GCA_000859725.1	859725	307240	Complete Genome
GCA_000860205.1	860205	2908098	Complete Genome
GCA_000860225.1	860225	2936812	Complete Genome
GCA_000860325.1	860325	2936813	Complete Genome
GCA_000861045.1	861045	2681592	Complete Genome
GCA_000864205.1	864205	2681607	Complete Genome
GCA_000864445.1	864445	2885908	Complete Genome
GCA_000864505.1	864505	347325	Complete Genome
GCA_000864625.1	864625	2883936	Complete Genome
GCA_000864645.1	864645	329886	Complete Genome
GCA_000865245.1	865245	2994041	Complete Genome
GCA_000865365.1	865365	331627	Complete Genome
GCA_000865485.1	865485	2911432	Complete Genome
GCA_000866045.1	866045	2679891	Complete Genome
GCA_000866205.1	866205	343516	Complete Genome
GCA_000866745.1	866745	146269	Complete Genome
GCA_000866825.1	866825	273133	Complete Genome
GCA_000866925.1	866925	2994040	Complete Genome
GCA_000867045.1	867045	347327	Complete Genome
GCA_000867345.1	867345	2681596	Complete Genome
GCA_000867625.1	867625	2913979	Complete Genome
GCA_000867645.1	867645	365048	Complete Genome
GCA_000867865.1	867865	2886925	Complete Genome
GCA_000867885.1	867885	2913973	Complete Genome
GCA_000867985.1	867985	418443	Complete Genome
GCA_000868005.1	868005	2913982	Complete Genome
GCA_000868265.2	868265	2911433	Complete Genome
GCA_000868285.1	868285	373411	Complete Genome
GCA_000868305.2	868305	373415	Complete Genome
GCA_000868485.1	868485	2892346	Complete Genome
GCA_000868705.1	868705	369257	Complete Genome
GCA_000868745.1	868745	2913976	Complete Genome
GCA_000869145.1	869145	2902792	Complete Genome
GCA_000869785.1	869785	2681604	Complete Genome
GCA_000869825.1	869825	2911430	Complete Genome
GCA_000870005.1	870005	382359	Complete Genome
GCA_000870085.1	870085	382685	Complete Genome
GCA_000870225.1	870225	2856824	Complete Genome
GCA_000870565.1	870565	2849703	Complete Genome
GCA_000870585.1	870585	2883941	Complete Genome
GCA_000871085.1	871085	2914006	Complete Genome
GCA_000871125.1	871125	2908169	Complete Genome
GCA_000871185.1	871185	2902891	Complete Genome
GCA_000871345.1	871345	451705	Complete Genome
GCA_000871505.1	871505	2881401	Complete Genome
GCA_000871945.1	871945	2914007	Complete Genome
GCA_000871985.1	871985	330396	Complete Genome
GCA_000872105.1	872105	442493	Complete Genome
GCA_000872125.1	872125	386793	Complete Genome
GCA_000872185.1	872185	480808	Complete Genome
GCA_000872765.1	872765	489779	Complete Genome
GCA_000872825.1	872825	2886918	Complete Genome
GCA_000873005.1	873005	2886897	Complete Genome
GCA_000873105.1	873105	2883942	Complete Genome
GCA_000873125.1	873125	2993856	Complete Genome
GCA_000873225.1	873225	2914003	Complete Genome
GCA_000873245.1	873245	2913975	Complete Genome
GCA_000873445.1	873445	2785079	Complete Genome
GCA_000873545.1	873545	2913972	Complete Genome
GCA_000873905.1	873905	2913974	Complete Genome
GCA_000873965.1	873965	2914005	Complete Genome
GCA_000874045.1	874045	446529	Complete Genome
GCA_000874085.1	874085	2880361	Complete Genome
GCA_000874185.2	874185	28358	Complete Genome
GCA_000874205.1	874205	384848	Complete Genome
GCA_000874225.1	874225	448384	Complete Genome
GCA_000874625.1	874625	532074	Complete Genome
GCA_000874645.1	874645	543153	Complete Genome
GCA_000874785.1	874785	551895	Complete Genome
GCA_000875025.1	875025	424716	Complete Genome
GCA_000875425.1	875425	2914013	Complete Genome
GCA_000875445.1	875445	532075	Complete Genome
GCA_000875585.1	875585	496874	Complete Genome
GCA_000879135.1	879135	2914010	Complete Genome
GCA_000879455.1	879455	1980924	Complete Genome
GCA_000879735.1	879735	484895	Complete Genome
GCA_000879895.1	879895	475178	Complete Genome
GCA_000880255.1	880255	532076	Complete Genome
GCA_000880275.1	880275	2884424	Complete Genome
GCA_000880295.1	880295	2902893	Complete Genome
GCA_000880475.1	880475	546805	Complete Genome
GCA_000880575.1	880575	2902904	Complete Genome
GCA_000880595.1	880595	2914018	Complete Genome
GCA_000880675.1	880675	563769	Complete Genome
GCA_000880955.1	880955	565140	Complete Genome
GCA_000881295.1	881295	641832	Complete Genome
GCA_000881335.1	881335	490913	Complete Genome
GCA_000881355.2	881355	526118	Complete Genome
GCA_000881435.1	881435	2884422	Complete Genome
GCA_000881655.1	881655	2849704	Complete Genome
GCA_000881675.1	881675	2884427	Complete Genome
GCA_000881695.1	881695	2880538	Complete Genome
GCA_000881995.1	881995	557393	Complete Genome
GCA_000882195.1	882195	563121	Complete Genome
GCA_000882275.1	882275	564886	Complete Genome
GCA_000882295.1	882295	2898540	Complete Genome
GCA_000882435.1	882435	340054	Complete Genome
GCA_000882895.1	882895	641487	Complete Genome
GCA_000882975.1	882975	576790	Complete Genome
GCA_000882995.1	882995	2886898	Complete Genome
GCA_000883015.1	883015	551790	Complete Genome
GCA_000883715.1	883715	2892342	Complete Genome
GCA_000884275.1	884275	2919548	Complete Genome
GCA_000884555.1	884555	673837	Complete Genome
GCA_000884575.1	884575	673835	Complete Genome
GCA_000884615.1	884615	655098	Complete Genome
GCA_000884875.1	884875	538979	Complete Genome
GCA_000886175.1	886175	673832	Complete Genome
GCA_000886235.1	886235	655097	Complete Genome
GCA_000886435.1	886435	648017	Complete Genome
GCA_000886695.1	886695	555387	Complete Genome
GCA_000887015.1	887015	644563	Complete Genome
GCA_000887075.1	887075	686439	Complete Genome
GCA_000887155.1	887155	2902838	Complete Genome
GCA_000887175.1	887175	707757	Complete Genome
GCA_000887715.1	887715	879630	Complete Genome
GCA_000887755.1	887755	760732	Complete Genome
GCA_000888035.1	888035	637730	Complete Genome
GCA_000888055.1	888055	665032	Complete Genome
GCA_000888655.1	888655	645664	Complete Genome
GCA_000888755.1	888755	760939	Complete Genome
GCA_000889095.1	889095	698728	Complete Genome
GCA_000889435.1	889435	709484	Complete Genome
GCA_000890095.1	890095	2919553	Complete Genome
GCA_000890635.1	890635	532077	Complete Genome
GCA_000890655.1	890655	979533	Complete Genome
GCA_000890755.1	890755	881953	Complete Genome
GCA_000890815.1	890815	444860	Complete Genome
GCA_000890855.1	890855	445686	Complete Genome
GCA_000891135.1	891135	1032362	Complete Genome
GCA_000891215.1	891215	1041524	Complete Genome
GCA_000891635.1	891635	988656	Complete Genome
GCA_000891735.1	891735	910473	Complete Genome
GCA_000891775.1	891775	910475	Complete Genome
GCA_000891795.1	891795	445683	Complete Genome
GCA_000891815.1	891815	444878	Complete Genome
GCA_000891835.1	891835	445685	Complete Genome
GCA_000892115.1	892115	2920893	Complete Genome
GCA_000892295.1	892295	979535	Complete Genome
GCA_000892355.1	892355	669008	Complete Genome
GCA_000892375.1	892375	857312	Complete Genome
GCA_000892395.1	892395	942165	Complete Genome
GCA_000892435.1	892435	582345	Complete Genome
GCA_000892455.1	892455	445700	Complete Genome
GCA_000892475.1	892475	445696	Complete Genome
GCA_000892495.1	892495	444861	Complete Genome
GCA_000892675.1	892675	562742	Complete Genome
GCA_000892855.1	892855	981323	Complete Genome
GCA_000893155.1	893155	2881400	Complete Genome
GCA_000893255.1	893255	2919549	Complete Genome
GCA_000893295.1	893295	910474	Complete Genome
GCA_000893355.1	893355	444859	Complete Genome
GCA_000893375.1	893375	445684	Complete Genome
GCA_000893395.1	893395	445688	Complete Genome
GCA_000893675.1	893675	943335	Complete Genome
GCA_000893935.1	893935	889338	Complete Genome
GCA_000894035.1	894035	1100814	Complete Genome
GCA_000894075.1	894075	319522	Complete Genome
GCA_000894235.1	894235	2922221	Complete Genome
GCA_000894275.1	894275	445693	Complete Genome
GCA_000894655.1	894655	2681605	Complete Genome
GCA_000894715.1	894715	1162295	Complete Genome
GCA_000894975.1	894975	906668	Complete Genome
GCA_000895115.1	895115	2885911	Complete Genome
GCA_000895135.1	895135	1109721	Complete Genome
GCA_000895155.1	895155	2886902	Complete Genome
GCA_000895235.1	895235	444876	Complete Genome
GCA_000895275.1	895275	1125653	Complete Genome
GCA_000895295.1	895295	2992927	Complete Genome
GCA_000895875.1	895875	445692	Complete Genome
GCA_000895915.1	895915	1100790	Complete Genome
GCA_000896315.1	896315	1129194	Complete Genome
GCA_000896455.1	896455	2681621	Complete Genome
GCA_000896515.1	896515	1109710	Complete Genome
GCA_000896695.1	896695	1109715	Complete Genome
GCA_000896715.1	896715	444875	Complete Genome
GCA_000897095.1	897095	1141526	Complete Genome
GCA_000897195.1	897195	1162304	Complete Genome
GCA_000897395.1	897395	1132026	Complete Genome
GCA_000897415.1	897415	1161930	Complete Genome
GCA_000897755.1	897755	1141133	Complete Genome
GCA_000897775.1	897775	2927987	Complete Genome
GCA_000897855.1	897855	1235559	Complete Genome
GCA_000898015.1	898015	1141136	Complete Genome
GCA_000898175.1	898175	1114179	Complete Genome
GCA_000898195.1	898195	1161901	Complete Genome
GCA_000898295.2	898295	1049283	Complete Genome
GCA_000898315.1	898315	765765	Complete Genome
GCA_000898415.1	898415	1168479	Complete Genome
GCA_000898435.1	898435	1197951	Complete Genome
GCA_000898735.1	898735	1126950	Complete Genome
GCA_000898755.1	898755	1204524	Complete Genome
GCA_000898835.1	898835	1229793	Complete Genome
GCA_000898895.1	898895	1173135	Complete Genome
GCA_000898915.1	898915	1194641	Complete Genome
GCA_000898995.1	898995	1133022	Complete Genome
GCA_000899015.1	899015	1168478	Complete Genome
GCA_000899055.1	899055	1204517	Complete Genome
GCA_000899355.1	899355	1204539	Complete Genome
GCA_000899455.1	899455	1229752	Complete Genome
GCA_000899475.1	899475	57477	Complete Genome
GCA_000899575.1	899575	10732	Complete Genome
GCA_000899615.1	899615	1141141	Complete Genome
GCA_000899635.1	899635	1211640	Complete Genome
GCA_000899655.1	899655	2927984	Complete Genome
GCA_000899755.1	899755	1162305	Complete Genome
GCA_000900195.1	900195	1136731	Complete Genome
GCA_000900235.1	900235	1604356	Complete Genome
GCA_000900295.1	900295	1229794	Complete Genome
GCA_000900335.1	900335	1235661	Complete Genome
GCA_000900455.1	900455	1141135	Complete Genome
GCA_000900475.1	900475	1141139	Complete Genome
GCA_000900515.1	900515	1141140	Complete Genome
GCA_000900535.1	900535	2927985	Complete Genome
GCA_000900555.1	900555	2927986	Complete Genome
GCA_000900595.1	900595	1244856	Complete Genome
GCA_000900615.1	900615	1133292	Complete Genome
GCA_000900655.1	900655	942016	Complete Genome
GCA_000900675.1	900675	1124655	Complete Genome
GCA_000900695.1	900695	881915	Complete Genome
GCA_000900715.1	900715	947980	Complete Genome
GCA_000900735.1	900735	1052121	Complete Genome
GCA_000900775.1	900775	1136534	Complete Genome
GCA_000900795.1	900795	1150989	Complete Genome
GCA_000900955.1	900955	1217810	Complete Genome
GCA_000900975.1	900975	1161935	Complete Genome
GCA_000901015.1	901015	1147143	Complete Genome
GCA_000901035.1	901035	1147147	Complete Genome
GCA_000901095.1	901095	1216926	Complete Genome
GCA_000901115.1	901115	432200	Complete Genome
GCA_000901215.2	901215	1206559	Complete Genome
GCA_000901235.1	901235	2892340	Complete Genome
GCA_000901275.1	901275	2994055	Complete Genome
GCA_000901315.1	901315	947843	Complete Genome
GCA_000901375.1	901375	1237364	Complete Genome
GCA_000901535.1	901535	1141138	Complete Genome
GCA_000901675.1	901675	760530	Complete Genome
GCA_000901695.1	901695	1079999	Complete Genome
GCA_000901715.1	901715	2892341	Complete Genome
GCA_000901775.1	901775	1127514	Complete Genome
GCA_000901795.1	901795	1128071	Complete Genome
GCA_000901815.1	901815	1141519	Complete Genome
GCA_000901835.1	901835	1161931	Complete Genome
GCA_000901855.1	901855	1051675	Complete Genome
GCA_000901875.1	901875	2920894	Complete Genome
GCA_000901895.2	901895	1150990	Complete Genome
GCA_000901915.1	901915	2927988	Complete Genome
GCA_000901975.1	901975	1198013	Complete Genome
GCA_000902055.1	902055	1147145	Complete Genome
GCA_000902075.1	902075	1147149	Complete Genome
GCA_000902095.1	902095	1147153	Complete Genome
GCA_000902115.1	902115	1147157	Complete Genome
GCA_000902135.1	902135	1229755	Complete Genome
GCA_000902275.1	902275	1133293	Complete Genome
GCA_000902295.1	902295	757342	Complete Genome
GCA_000902315.1	902315	1079998	Complete Genome
GCA_000902395.1	902395	1124578	Complete Genome
GCA_000902435.1	902435	1141132	Complete Genome
GCA_000902475.1	902475	1051673	Complete Genome
GCA_000902515.2	902515	1137745	Complete Genome
GCA_000902535.1	902535	2881391	Complete Genome
GCA_000902615.1	902615	1221835	Complete Genome
GCA_000902635.1	902635	1163482	Complete Genome
GCA_000902695.1	902695	1147148	Complete Genome
GCA_000902735.1	902735	1147156	Complete Genome
GCA_000902755.1	902755	1229754	Complete Genome
GCA_000902775.1	902775	432201	Complete Genome
GCA_000902875.1	902875	1231048	Complete Genome
GCA_000902915.1	902915	1029988	Complete Genome
GCA_000902935.1	902935	1204178	Complete Genome
GCA_000902955.1	902955	1208236	Complete Genome
GCA_000902975.1	902975	981335	Complete Genome
GCA_000903075.1	903075	2678590	Complete Genome
GCA_000903135.1	903135	1239382	Complete Genome
GCA_000903195.1	903195	929814	Complete Genome
GCA_000903315.1	903315	1131317	Complete Genome
GCA_000903335.1	903335	1147094	Complete Genome
GCA_000903375.1	903375	1051676	Complete Genome
GCA_000903415.1	903415	1154995	Complete Genome
GCA_000903495.1	903495	1204516	Complete Genome
GCA_000903555.1	903555	1147142	Complete Genome
GCA_000903575.1	903575	1147146	Complete Genome
GCA_000903595.1	903595	1147150	Complete Genome
GCA_000903615.1	903615	1147154	Complete Genome
GCA_000903655.1	903655	432198	Complete Genome
GCA_000903675.1	903675	1239383	Complete Genome
GCA_000903775.1	903775	2886899	Complete Genome
GCA_000903995.1	903995	1264737	Complete Genome
GCA_000904255.1	904255	1283078	Complete Genome
GCA_000904275.1	904275	2880537	Complete Genome
GCA_000904455.1	904455	754042	Complete Genome
GCA_000904475.1	904475	754073	Complete Genome
GCA_000904535.1	904535	889956	Complete Genome
GCA_000904555.1	904555	382273	Complete Genome
GCA_000904695.1	904695	1296646	Complete Genome
GCA_000904795.1	904795	1206558	Complete Genome
GCA_000904835.1	904835	2884431	Complete Genome
GCA_000904875.1	904875	1204528	Complete Genome
GCA_000904995.1	904995	1129147	Complete Genome
GCA_000905015.1	905015	1204533	Complete Genome
GCA_000905035.1	905035	1262513	Complete Genome
GCA_000905195.1	905195	1087482	Complete Genome
GCA_000905455.1	905455	754041	Complete Genome
GCA_000905515.1	905515	885867	Complete Genome
GCA_000905555.1	905555	536466	Complete Genome
GCA_000905575.1	905575	1168744	Complete Genome
GCA_000905655.1	905655	1264700	Complete Genome
GCA_000905755.1	905755	1236000	Complete Genome
GCA_000905795.2	905795	979726	Complete Genome
GCA_000905875.1	905875	1283079	Complete Genome
GCA_000905895.1	905895	2880541	Complete Genome
GCA_000905995.1	905995	754046	Complete Genome
GCA_000906015.1	906015	754052	Complete Genome
GCA_000906055.1	906055	754040	Complete Genome
GCA_000906115.1	906115	756282	Complete Genome
GCA_000906175.1	906175	382262	Complete Genome
GCA_000906215.1	906215	1195072	Complete Genome
GCA_000906315.1	906315	1204538	Complete Genome
GCA_000906475.1	906475	1229753	Complete Genome
GCA_000906875.1	906875	754044	Complete Genome
GCA_000906915.1	906915	754037	Complete Genome
GCA_000906935.1	906935	869662	Complete Genome
GCA_000907035.1	907035	616674	Complete Genome
GCA_000907075.1	907075	1198014	Complete Genome
GCA_000907095.1	907095	547228	Complete Genome
GCA_000907175.1	907175	1305710	Complete Genome
GCA_000907215.1	907215	536474	Complete Genome
GCA_000907455.1	907455	1327770	Complete Genome
GCA_000907495.1	907495	1316739	Complete Genome
GCA_000907515.1	907515	1235824	Complete Genome
GCA_000907715.1	907715	754038	Complete Genome
GCA_000907735.1	907735	1300004	Complete Genome
GCA_000907775.1	907775	536453	Complete Genome
GCA_000907895.1	907895	1273712	Complete Genome
GCA_000907915.1	907915	1173769	Complete Genome
GCA_000907935.1	907935	2928682	Complete Genome
GCA_000907955.1	907955	1173748	Complete Genome
GCA_000907995.1	907995	1328030	Complete Genome
GCA_000908055.1	908055	1327972	Complete Genome
GCA_000908075.1	908075	207656	Complete Genome
GCA_000908275.1	908275	536444	Complete Genome
GCA_000908475.1	908475	1327765	Complete Genome
GCA_000908595.1	908595	2496551	Complete Genome
GCA_000908615.1	908615	1282994	Complete Genome
GCA_000908635.1	908635	2847107	Complete Genome
GCA_000908675.1	908675	1273713	Complete Genome
GCA_000908735.1	908735	754039	Complete Genome
GCA_000908895.1	908895	1173761	Complete Genome
GCA_000908935.1	908935	1327970	Complete Genome
GCA_000909375.1	909375	1173743	Complete Genome
GCA_000909515.1	909515	2928680	Complete Genome
GCA_000909555.1	909555	1173762	Complete Genome
GCA_000909575.1	909575	1327971	Complete Genome
GCA_000909615.1	909615	1327990	Complete Genome
GCA_000909635.1	909635	1327977	Complete Genome
GCA_000909655.1	909655	1327980	Complete Genome
GCA_000909675.1	909675	1327976	Complete Genome
GCA_000910075.1	910075	1309583	Complete Genome
GCA_000910195.2	910195	115992	Complete Genome
GCA_000910415.1	910415	1173749	Complete Genome
GCA_000910475.1	910475	1328029	Complete Genome
GCA_000910515.1	910515	1327983	Complete Genome
GCA_000910535.1	910535	1327981	Complete Genome
GCA_000910615.1	910615	1229751	Complete Genome
GCA_000910895.1	910895	1235659	Complete Genome
GCA_000911075.1	911075	1354507	Complete Genome
GCA_000911275.1	911275	1414736	Complete Genome
GCA_000911315.1	911315	1406783	Complete Genome
GCA_000911455.1	911455	1402875	Complete Genome
GCA_000911535.1	911535	1429903	Complete Genome
GCA_000911595.1	911595	1327982	Complete Genome
GCA_000911615.1	911615	1327985	Complete Genome
GCA_000911795.1	911795	1383056	Complete Genome
GCA_000912255.1	912255	1357825	Complete Genome
GCA_000912315.1	912315	39103	Complete Genome
GCA_000912335.1	912335	1406786	Complete Genome
GCA_000912355.1	912355	1406781	Complete Genome
GCA_000912395.1	912395	2880540	Complete Genome
GCA_000912555.1	912555	1335230	Complete Genome
GCA_000912655.1	912655	2991282	Complete Genome
GCA_000912715.2	912715	1354508	Complete Genome
GCA_000913015.1	913015	1406785	Complete Genome
GCA_000913195.1	913195	1415146	Complete Genome
GCA_000913315.1	913315	1340829	Complete Genome
GCA_000913335.1	913335	1340819	Complete Genome
GCA_000913755.1	913755	434346	Complete Genome
GCA_000913795.1	913795	1406790	Complete Genome
GCA_000913835.1	913835	1406792	Complete Genome
GCA_000913935.1	913935	1417599	Complete Genome
GCA_000914135.1	914135	1296662	Complete Genome
GCA_000914495.1	914495	1262539	Complete Genome
GCA_000914555.1	914555	1401669	Complete Genome
GCA_000914635.1	914635	1429768	Complete Genome
GCA_000914715.1	914715	1453367	Complete Genome
GCA_000914735.1	914735	1406793	Complete Genome
GCA_000914755.1	914755	1429759	Complete Genome
GCA_000914775.1	914775	1416009	Complete Genome
GCA_000914935.1	914935	1048207	Complete Genome
GCA_000914995.1	914995	1401297	Complete Genome
GCA_000915095.1	915095	1391428	Complete Genome
GCA_000915155.1	915155	1325372	Complete Genome
GCA_000915475.1	915475	1277886	Complete Genome
GCA_000915495.1	915495	1410331	Complete Genome
GCA_000915535.1	915535	1455075	Complete Genome
GCA_000915655.1	915655	1445729	Complete Genome
GCA_000915715.1	915715	1458669	Complete Genome
GCA_000915755.1	915755	1434319	Complete Genome
GCA_000916175.1	916175	1435411	Complete Genome
GCA_000916195.1	916195	1432847	Complete Genome
GCA_000916215.1	916215	1432848	Complete Genome
GCA_000916255.2	916255	1458843	Complete Genome
GCA_000916275.1	916275	1463812	Complete Genome
GCA_000916355.1	916355	1357713	Complete Genome
GCA_000916415.1	916415	1416011	Complete Genome
GCA_000916495.1	916495	1406779	Complete Genome
GCA_000916695.1	916695	1279083	Complete Genome
GCA_000917035.1	917035	1455076	Complete Genome
GCA_000917135.1	917135	1458717	Complete Genome
GCA_000917155.1	917155	1458831	Complete Genome
GCA_000917175.1	917175	1458697	Complete Genome
GCA_000917195.1	917195	1429793	Complete Genome
GCA_000917215.2	917215	1445859	Complete Genome
GCA_000917295.1	917295	1429767	Complete Genome
GCA_000917315.1	917315	1340812	Complete Genome
GCA_000917335.1	917335	1406780	Complete Genome
GCA_000917355.1	917355	1168563	Complete Genome
GCA_000917535.1	917535	2884420	Complete Genome
GCA_000917595.1	917595	1074305	Complete Genome
GCA_000917635.1	917635	2902841	Complete Genome
GCA_000917695.1	917695	45764	Complete Genome
GCA_000917755.1	917755	1089122	Complete Genome
GCA_000917775.1	917775	2902800	Complete Genome
GCA_000917955.1	917955	1458670	Complete Genome
GCA_000918235.1	918235	1462608	Complete Genome
GCA_000918275.1	918275	1476391	Complete Genome
GCA_000918315.1	918315	584892	Complete Genome
GCA_000918375.1	918375	1340810	Complete Genome
GCA_000918515.1	918515	913183	Complete Genome
GCA_000918575.1	918575	2922994	Complete Genome
GCA_000918715.1	918715	691965	Complete Genome
GCA_000918735.1	918735	2922998	Complete Genome
GCA_000918795.1	918795	2923000	Complete Genome
GCA_000919215.1	919215	1074309	Complete Genome
GCA_000919255.1	919255	1071504	Complete Genome
GCA_000919295.1	919295	1052671	Complete Genome
GCA_000919915.2	919915	1430444	Complete Genome
GCA_000919935.1	919935	1446490	Complete Genome
GCA_000919955.1	919955	1486423	Complete Genome
GCA_000919975.1	919975	1471542	Complete Genome
GCA_000919995.1	919995	1486424	Complete Genome
GCA_000920075.1	920075	1074308	Complete Genome
GCA_000920195.1	920195	926067	Complete Genome
GCA_000920215.1	920215	691964	Complete Genome
GCA_000920235.1	920235	1162290	Complete Genome
GCA_000920275.1	920275	2902842	Complete Genome
GCA_000920315.1	920315	2902794	Complete Genome
GCA_000920475.1	920475	1399915	Complete Genome
GCA_000920775.1	920775	1481112	Complete Genome
GCA_000920835.1	920835	1486427	Complete Genome
GCA_000920935.1	920935	1486657	Complete Genome
GCA_000920975.1	920975	1458711	Complete Genome
GCA_000921075.1	921075	1500386	Complete Genome
GCA_000921095.1	921095	1500756	Complete Genome
GCA_000921155.1	921155	1458857	Complete Genome
GCA_000921175.1	921175	1262519	Complete Genome
GCA_000921635.1	921635	1416030	Complete Genome
GCA_000921655.1	921655	1527469	Complete Genome
GCA_000921675.1	921675	1416028	Complete Genome
GCA_000921915.1	921915	1173745	Complete Genome
GCA_000922055.1	922055	1262518	Complete Genome
GCA_000922495.1	922495	1527514	Complete Genome
GCA_000922515.1	922515	1395983	Complete Genome
GCA_000922715.1	922715	1411095	Complete Genome
GCA_000922815.1	922815	1486659	Complete Genome
GCA_000922835.1	922835	1486658	Complete Genome
GCA_000922975.1	922975	1486403	Complete Genome
GCA_000923015.1	923015	1477404	Complete Genome
GCA_000923035.1	923035	1476390	Complete Genome
GCA_000923055.1	923055	1262520	Complete Genome
GCA_000923075.1	923075	1458856	Complete Genome
GCA_000923575.1	923575	1486422	Complete Genome
GCA_000923615.1	923615	1357732	Complete Genome
GCA_000923635.1	923635	1327934	Complete Genome
GCA_000923735.1	923735	1262515	Complete Genome
GCA_000924195.1	924195	1416031	Complete Genome
GCA_000924215.1	924215	1391223	Complete Genome
GCA_000924355.1	924355	1530085	Complete Genome
GCA_000924895.1	924895	1500734	Complete Genome
GCA_000924915.1	924915	1477406	Complete Genome
GCA_000924995.1	924995	1527771	Complete Genome
GCA_000925075.1	925075	756277	Complete Genome
GCA_000925695.1	925695	1510440	Complete Genome
GCA_000925715.1	925715	1194091	Complete Genome
GCA_000925735.1	925735	1500733	Complete Genome
GCA_000925775.1	925775	1498227	Complete Genome
GCA_000925795.1	925795	1204521	Complete Genome
GCA_000926095.1	926095	1505225	Complete Genome
GCA_000926715.1	926715	1222338	Complete Genome
GCA_000926735.1	926735	1391188	Complete Genome
GCA_000926855.1	926855	1555202	Complete Genome
GCA_000926875.1	926875	1536611	Complete Genome
GCA_000927415.1	927415	1536597	Complete Genome
GCA_000927475.1	927475	1542498	Complete Genome
GCA_000927515.1	927515	1481187	Complete Genome
GCA_000927575.1	927575	1113547	Complete Genome
GCA_000928035.1	928035	1527519	Complete Genome
GCA_000928875.1	928875	1151014	Complete Genome
GCA_000929475.1	929475	1505227	Complete Genome
GCA_000930115.1	930115	1567486	Complete Genome
GCA_000930755.1	930755	1519999	Complete Genome
GCA_000954275.1	954275	1548905	Complete Genome
GCA_000954295.1	954295	1537091	Complete Genome
GCA_000954315.1	954315	1567475	Complete Genome
GCA_000954375.1	954375	1527512	Complete Genome
GCA_000954635.1	954635	1548902	Complete Genome
GCA_000954695.1	954695	1566993	Complete Genome
GCA_000954995.1	954995	1548906	Complete Genome
GCA_000955055.1	955055	1567471	Complete Genome
GCA_000955315.1	955315	1486472	Complete Genome
GCA_000955335.1	955335	1548917	Complete Genome
GCA_000955355.1	955355	1548901	Complete Genome
GCA_000955415.1	955415	1552735	Complete Genome
GCA_000955455.1	955455	1527493	Complete Genome
GCA_000982345.1	982345	1493512	Complete Genome
GCA_001015265.1	1015265	1076759	Complete Genome
GCA_001015285.1	1015285	454798	Complete Genome
GCA_001015305.1	1015305	741942	Complete Genome
GCA_001019815.1	1019815	908819	Complete Genome
GCA_001019995.1	1019995	1493513	Complete Genome
GCA_001023565.1	1023565	1357423	Complete Genome
GCA_001038595.1	1038595	1562076	Complete Genome
GCA_001040975.1	1040975	1498172	Complete Genome
GCA_001041015.1	1041015	1498168	Complete Genome
GCA_001041035.1	1041035	1273738	Complete Genome
GCA_001041115.1	1041115	2885922	Complete Genome
GCA_001041355.1	1041355	1564096	Complete Genome
GCA_001041375.1	1041375	1527506	Complete Genome
GCA_001041395.1	1041395	1451050	Complete Genome
GCA_001041455.1	1041455	1560284	Complete Genome
GCA_001041495.1	1041495	1540095	Complete Genome
GCA_001041515.1	1041515	1527525	Complete Genome
GCA_001041555.1	1041555	1129192	Complete Genome
GCA_001041695.1	1041695	1567022	Complete Genome
GCA_001041755.1	1041755	1439894	Complete Genome
GCA_001041775.1	1041775	1204531	Complete Genome
GCA_001041815.1	1041815	1560283	Complete Genome
GCA_001041855.1	1041855	1536605	Complete Genome
GCA_001041895.1	1041895	1357704	Complete Genome
GCA_001042055.1	1042055	1206560	Complete Genome
GCA_001042135.1	1042135	2681606	Complete Genome
GCA_001042175.1	1042175	1560282	Complete Genome
GCA_001042195.1	1042195	1540097	Complete Genome
GCA_001042275.1	1042275	1090134	Complete Genome
GCA_001190715.1	1190715	1655012	Complete Genome
GCA_001308395.1	1308395	755164	Complete Genome
GCA_001308515.1	1308515	631719	Complete Genome
GCA_001308535.1	1308535	698487	Complete Genome
GCA_001308555.1	1308555	2994045	Complete Genome
GCA_001308795.2	1308795	1622234	Complete Genome
GCA_001308815.1	1308815	698486	Complete Genome
GCA_001308835.1	1308835	2994044	Complete Genome
GCA_001310115.1	1310115	66711	Complete Genome
GCA_001447065.1	1447065	1660365	Complete Genome
GCA_001470115.1	1470115	1673886	Complete Genome
GCA_001470135.1	1470135	1647463	Complete Genome
GCA_001470195.1	1470195	1701805	Complete Genome
GCA_001470235.1	1470235	691318	Complete Genome
GCA_001470275.1	1470275	1611545	Complete Genome
GCA_001470355.1	1470355	1698361	Complete Genome
GCA_001470375.1	1470375	1647474	Complete Genome
GCA_001470395.1	1470395	1647286	Complete Genome
GCA_001470455.1	1470455	1690684	Complete Genome
GCA_001470475.1	1470475	1608310	Complete Genome
GCA_001470555.1	1470555	1458706	Complete Genome
GCA_001470655.1	1470655	1698360	Complete Genome
GCA_001470695.1	1470695	1647284	Complete Genome
GCA_001470735.1	1470735	1735591	Complete Genome
GCA_001470795.1	1470795	1755692	Complete Genome
GCA_001470815.1	1470815	1719140	Complete Genome
GCA_001470895.1	1470895	1647475	Complete Genome
GCA_001470935.1	1470935	1589733	Complete Genome
GCA_001470995.1	1470995	1647385	Complete Genome
GCA_001482955.1	1482955	1647306	Complete Genome
GCA_001500515.1	1500515	1647408	Complete Genome
GCA_001500595.1	1500595	1636545	Complete Genome
GCA_001500615.1	1500615	1636250	Complete Genome
GCA_001500635.1	1500635	1636183	Complete Genome
GCA_001500675.1	1500675	2880539	Complete Genome
GCA_001500715.1	1500715	2681630	Complete Genome
GCA_001500855.2	1500855	1718606	Complete Genome
GCA_001500875.1	1500875	1689679	Complete Genome
GCA_001500935.1	1500935	1647374	Complete Genome
GCA_001500995.1	1500995	1640970	Complete Genome
GCA_001501155.1	1501155	1649239	Complete Genome
GCA_001501175.1	1501175	1647405	Complete Genome
GCA_001501215.1	1501215	1647305	Complete Genome
GCA_001501235.1	1501235	1647300	Complete Genome
GCA_001501275.1	1501275	1636249	Complete Genome
GCA_001501535.1	1501535	1678082	Complete Genome
GCA_001501555.1	1501555	1675027	Complete Genome
GCA_001501635.1	1501635	1610855	Complete Genome
GCA_001501655.1	1501655	1610828	Complete Genome
GCA_001501675.1	1501675	1572704	Complete Genome
GCA_001501695.1	1501695	1522092	Complete Genome
GCA_001501775.1	1501775	1636257	Complete Genome
GCA_001501795.1	1501795	1445809	Complete Genome
GCA_001501895.1	1501895	1673877	Complete Genome
GCA_001501935.1	1501935	1647465	Complete Genome
GCA_001501995.1	1501995	1647304	Complete Genome
GCA_001502015.1	1502015	1640885	Complete Genome
GCA_001502035.1	1502035	1636261	Complete Genome
GCA_001502055.1	1502055	1636202	Complete Genome
GCA_001502415.1	1502415	1698358	Complete Genome
GCA_001502475.1	1502475	1690425	Complete Genome
GCA_001502555.1	1502555	1647455	Complete Genome
GCA_001502595.1	1502595	1647309	Complete Genome
GCA_001502615.1	1502615	1647302	Complete Genome
GCA_001502635.1	1502635	1636546	Complete Genome
GCA_001502675.1	1502675	1636184	Complete Genome
GCA_001502895.2	1502895	1718669	Complete Genome
GCA_001502955.1	1502955	1673887	Complete Genome
GCA_001502995.1	1502995	1640972	Complete Genome
GCA_001503035.1	1503035	1610837	Complete Genome
GCA_001503055.1	1503055	1585840	Complete Genome
GCA_001503075.1	1503075	1542477	Complete Genome
GCA_001503215.1	1503215	1211280	Complete Genome
GCA_001503235.1	1503235	461711	Complete Genome
GCA_001503255.1	1503255	1739608	Complete Genome
GCA_001503275.1	1503275	1718600	Complete Genome
GCA_001503455.1	1503455	1597966	Complete Genome
GCA_001503475.1	1503475	1589751	Complete Genome
GCA_001503495.1	1503495	1589746	Complete Genome
GCA_001503515.1	1503515	1589273	Complete Genome
GCA_001503535.1	1503535	1429794	Complete Genome
GCA_001503615.1	1503615	1175657	Complete Genome
GCA_001503695.1	1503695	1567027	Complete Genome
GCA_001503755.1	1503755	1582151	Complete Genome
GCA_001503775.1	1503775	1582156	Complete Genome
GCA_001503795.1	1503795	1587520	Complete Genome
GCA_001503835.1	1503835	1610836	Complete Genome
GCA_001503875.1	1503875	1538364	Complete Genome
GCA_001503995.1	1503995	1481785	Complete Genome
GCA_001504055.1	1504055	1739609	Complete Genome
GCA_001504155.1	1504155	1698711	Complete Genome
GCA_001504215.1	1504215	1691954	Complete Genome
GCA_001504235.1	1504235	1690456	Complete Genome
GCA_001504255.1	1504255	1597976	Complete Genome
GCA_001504295.1	1504295	1589747	Complete Genome
GCA_001504315.1	1504315	1589274	Complete Genome
GCA_001504395.1	1504395	1296655	Complete Genome
GCA_001504415.1	1504415	1175659	Complete Genome
GCA_001504495.1	1504495	1567028	Complete Genome
GCA_001504535.1	1504535	1582150	Complete Genome
GCA_001504555.1	1504555	1582155	Complete Genome
GCA_001504635.1	1504635	1610838	Complete Genome
GCA_001504695.1	1504695	1505027	Complete Genome
GCA_001504815.1	1504815	1445553	Complete Genome
GCA_001504855.1	1504855	1739611	Complete Genome
GCA_001504875.1	1504875	1739607	Complete Genome
GCA_001504895.1	1504895	1718599	Complete Genome
GCA_001505015.1	1505015	1698252	Complete Genome
GCA_001505055.1	1505055	1606763	Complete Genome
GCA_001505095.1	1505095	1589750	Complete Genome
GCA_001505115.1	1505115	1589298	Complete Genome
GCA_001505135.1	1505135	1589265	Complete Genome
GCA_001505175.1	1505175	1357715	Complete Genome
GCA_001505195.1	1505195	1296661	Complete Genome
GCA_001505215.1	1505215	1175663	Complete Genome
GCA_001505235.1	1505235	2892347	Complete Genome
GCA_001505295.1	1505295	1567485	Complete Genome
GCA_001505375.1	1505375	1582153	Complete Genome
GCA_001505515.1	1505515	1739610	Complete Genome
GCA_001505535.1	1505535	1734382	Complete Genome
GCA_001505635.1	1505635	1698451	Complete Genome
GCA_001505675.1	1505675	1691955	Complete Genome
GCA_001505755.1	1505755	1589749	Complete Genome
GCA_001505775.1	1505775	1589297	Complete Genome
GCA_001505855.1	1505855	1296656	Complete Genome
GCA_001505915.1	1505915	1034128	Complete Genome
GCA_001506015.1	1506015	1582154	Complete Genome
GCA_001506035.1	1506035	1610508	Complete Genome
GCA_001507515.1	1507515	2784187	Complete Genome
GCA_001550485.1	1550485	1712539	Complete Genome
GCA_001550525.1	1550525	1636313	Complete Genome
GCA_001550685.1	1550685	1622192	Complete Genome
GCA_001550825.1	1550825	1129191	Complete Genome
GCA_001550865.1	1550865	1698369	Complete Genome
GCA_001551025.1	1551025	1662330	Complete Genome
GCA_001551085.1	1551085	1567484	Complete Genome
GCA_001551125.1	1551125	1664246	Complete Genome
GCA_001551225.1	1551225	1654601	Complete Genome
GCA_001551465.1	1551465	1729937	Complete Genome
GCA_001551565.1	1551565	1654919	Complete Genome
GCA_001551625.1	1551625	1416032	Complete Genome
GCA_001551725.1	1551725	1589752	Complete Genome
GCA_001551765.1	1551765	1445810	Complete Genome
GCA_001698275.1	1698275	1838079	Complete Genome
GCA_001698335.1	1698335	1838078	Complete Genome
GCA_001736295.1	1736295	1838074	Complete Genome
GCA_001736315.1	1736315	1838067	Complete Genome
GCA_001736335.1	1736335	1838063	Complete Genome
GCA_001736355.1	1736355	1777065	Complete Genome
GCA_001736455.1	1736455	1838082	Complete Genome
GCA_001736495.1	1736495	1754217	Complete Genome
GCA_001736515.1	1736515	1838075	Complete Genome
GCA_001736555.1	1736555	1838064	Complete Genome
GCA_001736655.1	1736655	1622193	Complete Genome
GCA_001736675.1	1736675	1838083	Complete Genome
GCA_001736775.1	1736775	1838065	Complete Genome
GCA_001736795.1	1736795	1838061	Complete Genome
GCA_001736815.1	1736815	1777063	Complete Genome
GCA_001736835.1	1736835	1776293	Complete Genome
GCA_001736875.1	1736875	1647285	Complete Genome
GCA_001736895.1	1736895	1838084	Complete Genome
GCA_001736935.1	1736935	1796992	Complete Genome
GCA_001736955.2	1736955	1497851	Complete Genome
GCA_001736975.1	1736975	1838073	Complete Genome
GCA_001736995.1	1736995	1838066	Complete Genome
GCA_001737115.1	1737115	1200862	Complete Genome
GCA_001743595.1	1743595	1887648	Complete Genome
GCA_001743675.2	1743675	1874000	Complete Genome
GCA_001743795.1	1743795	1654928	Complete Genome
GCA_001743975.2	1743975	1873958	Complete Genome
GCA_001744135.1	1744135	1887655	Complete Genome
GCA_001744215.1	1744215	1815968	Complete Genome
GCA_001744255.1	1744255	1887651	Complete Genome
GCA_001744275.1	1744275	1887647	Complete Genome
GCA_001744335.2	1744335	1883370	Complete Genome
GCA_001744575.1	1744575	1852628	Complete Genome
GCA_001744595.1	1744595	1852563	Complete Genome
GCA_001744655.1	1744655	1873949	Complete Genome
GCA_001744715.1	1744715	1844477	Complete Genome
GCA_001744735.1	1744735	1837218	Complete Genome
GCA_001744795.1	1744795	1891963	Complete Genome
GCA_001744815.1	1744815	1887654	Complete Genome
GCA_001744895.1	1744895	1815510	Complete Genome
GCA_001744995.2	1744995	1874001	Complete Genome
GCA_001745015.1	1745015	1873990	Complete Genome
GCA_001745035.1	1745035	1543206	Complete Genome
GCA_001745255.1	1745255	1838137	Complete Genome
GCA_001745555.1	1745555	1815511	Complete Genome
GCA_001745575.1	1745575	1887650	Complete Genome
GCA_001745615.1	1745615	1887641	Complete Genome
GCA_001745895.1	1745895	1852627	Complete Genome
GCA_001754165.1	1754165	1278479	Complete Genome
GCA_001754245.1	1754245	687803	Complete Genome
GCA_001754305.1	1754305	1821566	Complete Genome
GCA_001754365.1	1754365	1821551	Complete Genome
GCA_001754405.1	1754405	1805457	Complete Genome
GCA_001754425.1	1754425	1796994	Complete Genome
GCA_001754685.1	1754685	1792032	Complete Genome
GCA_001754725.1	1754725	1543201	Complete Genome
GCA_001754765.2	1754765	1821561	Complete Genome
GCA_001755125.1	1755125	1784956	Complete Genome
GCA_001755145.1	1755145	1543205	Complete Genome
GCA_001755205.1	1755205	1821557	Complete Genome
GCA_001755225.1	1755225	1821552	Complete Genome
GCA_001755285.1	1755285	1796995	Complete Genome
GCA_001755305.1	1755305	1792269	Complete Genome
GCA_001755605.1	1755605	1821564	Complete Genome
GCA_001755705.1	1755705	1796996	Complete Genome
GCA_001881715.1	1881715	1792273	Complete Genome
GCA_001881875.1	1881875	1813769	Complete Genome
GCA_001881955.1	1881955	1883369	Complete Genome
GCA_001881995.1	1881995	1857100	Complete Genome
GCA_001882035.1	1882035	1883368	Complete Genome
GCA_001882075.1	1882075	1813782	Complete Genome
GCA_001882115.1	1882115	1815522	Complete Genome
GCA_001882155.1	1882155	1883366	Complete Genome
GCA_001882275.1	1882275	1792274	Complete Genome
GCA_001882315.1	1882315	1873985	Complete Genome
GCA_001884535.1	1884535	1647469	Complete Genome
GCA_001884555.1	1884555	1792272	Complete Genome
GCA_001885345.1	1885345	1815521	Complete Genome
GCA_001885505.1	1885505	1868169	Complete Genome
GCA_002037815.1	2037815	1563661	Complete Genome
GCA_002149205.1	2149205	1540098	Complete Genome
GCA_002149225.1	2149225	1540092	Complete Genome
GCA_002149285.1	2149285	1675602	Complete Genome
GCA_002149325.1	2149325	1540090	Complete Genome
GCA_002149345.1	2149345	1610832	Complete Genome
GCA_002149385.1	2149385	1701809	Complete Genome
GCA_002149405.1	2149405	2991861	Complete Genome
GCA_002149545.1	2149545	1643326	Complete Genome
GCA_002149585.1	2149585	1540094	Complete Genome
GCA_002149605.1	2149605	1540091	Complete Genome
GCA_002149725.1	2149725	1225791	Complete Genome
GCA_002211055.1	2211055	1664247	Complete Genome
GCA_002211075.1	2211075	1852641	Complete Genome
GCA_002221805.1	2221805	194949	Complete Genome
GCA_002366065.1	2366065	1883367	Complete Genome
GCA_002534655.1	2534655	1493509	Complete Genome
GCA_002578345.1	2578345	2740804	Complete Genome
GCA_002578465.1	2578465	2741073	Complete Genome
GCA_002578525.1	2578525	2741075	Complete Genome
GCA_002578555.1	2578555	2741076	Complete Genome
GCA_002578605.1	2578605	2741072	Complete Genome
GCA_002578645.1	2578645	2741074	Complete Genome
GCA_002578675.1	2578675	2740800	Complete Genome
GCA_002578725.1	2578725	2740803	Complete Genome
GCA_002578785.1	2578785	2740805	Complete Genome
GCA_002582805.1	2582805	2740801	Complete Genome
GCA_002582845.1	2582845	2740802	Complete Genome
GCA_002582885.1	2582885	2741077	Complete Genome
GCA_002593825.1	2593825	2790345	Complete Genome
GCA_002593865.1	2593865	2790336	Complete Genome
GCA_002593965.1	2593965	2790346	Complete Genome
GCA_002594645.1	2594645	254397	Complete Genome
GCA_002596125.1	2596125	2790347	Complete Genome
GCA_002596185.1	2596185	2790659	Complete Genome
GCA_002596865.1	2596865	1493508	Complete Genome
GCA_002597145.1	2597145	1493508	Complete Genome
GCA_002598325.1	2598325	756278	Complete Genome
GCA_002599225.1	2599225	1278485	Complete Genome
GCA_002600145.1	2600145	318595	Complete Genome
GCA_002600715.1	2600715	2922217	Complete Genome
GCA_002600755.1	2600755	1033977	Complete Genome
GCA_002600775.1	2600775	2902882	Complete Genome
GCA_002600795.2	2600795	2902889	Complete Genome
GCA_002600855.1	2600855	2922204	Complete Genome
GCA_002600985.1	2600985	2922212	Complete Genome
GCA_002601185.1	2601185	2922220	Complete Genome
GCA_002601205.1	2601205	2902890	Complete Genome
GCA_002601325.1	2601325	2884423	Complete Genome
GCA_002601405.1	2601405	2922992	Complete Genome
GCA_002601425.1	2601425	1211278	Complete Genome
GCA_002601545.1	2601545	1807511	Complete Genome
GCA_002601785.1	2601785	2923002	Complete Genome
GCA_002601905.1	2601905	2923005	Complete Genome
GCA_002602105.1	2602105	1147139	Complete Genome
GCA_002602145.1	2602145	1434127	Complete Genome
GCA_002602185.1	2602185	2892348	Complete Genome
GCA_002602405.1	2602405	2927982	Complete Genome
GCA_002602465.1	2602465	2902839	Complete Genome
GCA_002602565.1	2602565	1211386	Complete Genome
GCA_002602585.1	2602585	1220601	Complete Genome
GCA_002602605.1	2602605	1225795	Complete Genome
GCA_002602825.1	2602825	1226260	Complete Genome
GCA_002602965.1	2602965	1239386	Complete Genome
GCA_002602985.1	2602985	1243183	Complete Genome
GCA_002603045.1	2603045	2928683	Complete Genome
GCA_002603165.1	2603165	1283073	Complete Genome
GCA_002603305.1	2603305	1292086	Complete Genome
GCA_002603385.1	2603385	1814279	Complete Genome
GCA_002603425.1	2603425	1690427	Complete Genome
GCA_002603885.1	2603885	1357706	Complete Genome
GCA_002604045.1	2604045	1340828	Complete Genome
GCA_002604125.1	2604125	1414766	Complete Genome
GCA_002604145.1	2604145	1415147	Complete Genome
GCA_002604165.1	2604165	1415148	Complete Genome
GCA_002604185.1	2604185	1416008	Complete Genome
GCA_002604225.1	2604225	1432428	Complete Genome
GCA_002604545.1	2604545	1480731	Complete Genome
GCA_002604645.1	2604645	1493514	Complete Genome
GCA_002604825.1	2604825	1508678	Complete Genome
GCA_002604965.1	2604965	2927983	Complete Genome
GCA_002605285.1	2605285	1572746	Complete Genome
GCA_002605405.1	2605405	1597967	Complete Genome
GCA_002605505.1	2605505	1622115	Complete Genome
GCA_002605525.1	2605525	1622116	Complete Genome
GCA_002605545.1	2605545	1628721	Complete Genome
GCA_002605605.1	2605605	1636201	Complete Genome
GCA_002605745.1	2605745	1647282	Complete Genome
GCA_002606605.1	2606605	1654717	Complete Genome
GCA_002606705.1	2606705	1655314	Complete Genome
GCA_002606865.1	2606865	2902840	Complete Genome
GCA_002607065.1	2607065	1675600	Complete Genome
GCA_002607085.1	2607085	1675601	Complete Genome
GCA_002607125.1	2607125	1685500	Complete Genome
GCA_002607285.1	2607285	1698708	Complete Genome
GCA_002607305.1	2607305	1701852	Complete Genome
GCA_002607785.1	2607785	1740108	Complete Genome
GCA_002607875.1	2607875	1747351	Complete Genome
GCA_002608095.1	2608095	1755697	Complete Genome
GCA_002608295.1	2608295	1772219	Complete Genome
GCA_002608575.1	2608575	1772302	Complete Genome
GCA_002608665.1	2608665	1772314	Complete Genome
GCA_002608765.1	2608765	1772326	Complete Genome
GCA_002608785.1	2608785	1772332	Complete Genome
GCA_002609005.1	2609005	1777059	Complete Genome
GCA_002609105.1	2609105	1777122	Complete Genome
GCA_002609265.1	2609265	2772511	Complete Genome
GCA_002609385.1	2609385	1796993	Complete Genome
GCA_002609505.1	2609505	1815582	Complete Genome
GCA_002609525.1	2609525	1815630	Complete Genome
GCA_002609765.1	2609765	1837876	Complete Genome
GCA_002610005.1	2610005	1846168	Complete Genome
GCA_002610045.1	2610045	1852562	Complete Genome
GCA_002610145.1	2610145	1852622	Complete Genome
GCA_002610875.1	2610875	1868595	Complete Genome
GCA_002610955.1	2610955	1868598	Complete Genome
GCA_002611085.1	2611085	1868826	Complete Genome
GCA_002611205.1	2611205	1868844	Complete Genome
GCA_002611285.1	2611285	1868848	Complete Genome
GCA_002611385.1	2611385	1868853	Complete Genome
GCA_002611585.1	2611585	1871314	Complete Genome
GCA_002611685.1	2611685	1873341	Complete Genome
GCA_002611925.1	2611925	1880590	Complete Genome
GCA_002611945.1	2611945	1881104	Complete Genome
GCA_002612105.1	2612105	1885242	Complete Genome
GCA_002612145.1	2612145	1887653	Complete Genome
GCA_002612385.1	2612385	1897436	Complete Genome
GCA_002612405.1	2612405	1897437	Complete Genome
GCA_002612645.1	2612645	1897486	Complete Genome
GCA_002612725.1	2612725	1897495	Complete Genome
GCA_002612775.1	2612775	1897497	Complete Genome
GCA_002613105.2	2613105	1897525	Complete Genome
GCA_002613165.1	2613165	1897531	Complete Genome
GCA_002613185.1	2613185	1897532	Complete Genome
GCA_002613205.1	2613205	1897533	Complete Genome
GCA_002613225.1	2613225	1897534	Complete Genome
GCA_002613265.1	2613265	1897536	Complete Genome
GCA_002613725.1	2613725	1897743	Complete Genome
GCA_002614285.1	2614285	1907784	Complete Genome
GCA_002614485.1	2614485	1912318	Complete Genome
GCA_002614545.1	2614545	1912321	Complete Genome
GCA_002615085.1	2615085	1913109	Complete Genome
GCA_002615145.1	2615145	1913112	Complete Genome
GCA_002615185.1	2615185	1913114	Complete Genome
GCA_002615505.1	2615505	1913591	Complete Genome
GCA_002615645.1	2615645	1916107	Complete Genome
GCA_002617005.2	2617005	1916414	Complete Genome
GCA_002617105.1	2617105	1920308	Complete Genome
GCA_002617145.1	2617145	1920310	Complete Genome
GCA_002617165.1	2617165	1920311	Complete Genome
GCA_002617185.1	2617185	1920312	Complete Genome
GCA_002617245.1	2617245	1258572	Complete Genome
GCA_002617265.1	2617265	1204542	Complete Genome
GCA_002617285.1	2617285	1220604	Complete Genome
GCA_002617325.1	2617325	1161928	Complete Genome
GCA_002617345.1	2617345	1923889	Complete Genome
GCA_002617385.1	2617385	1926594	Complete Genome
GCA_002617405.1	2617405	1927013	Complete Genome
GCA_002617425.3	2617425	1927014	Complete Genome
GCA_002617785.1	2617785	1931407	Complete Genome
GCA_002617905.1	2617905	2783867	Complete Genome
GCA_002617925.2	2617925	1932882	Complete Genome
GCA_002617945.1	2617945	1932883	Complete Genome
GCA_002618025.1	2618025	1932890	Complete Genome
GCA_002618065.1	2618065	1932892	Complete Genome
GCA_002618085.1	2618085	1932893	Complete Genome
GCA_002618405.1	2618405	1933063	Complete Genome
GCA_002618665.1	2618665	1933412	Complete Genome
GCA_002618785.1	2618785	1933774	Complete Genome
GCA_002618825.1	2618825	1938577	Complete Genome
GCA_002619185.1	2619185	1958907	Complete Genome
GCA_002619325.1	2619325	1958922	Complete Genome
GCA_002619345.1	2619345	1958956	Complete Genome
GCA_002619365.1	2619365	1958965	Complete Genome
GCA_002619625.1	2619625	1960657	Complete Genome
GCA_002619645.1	2619645	1960658	Complete Genome
GCA_002619725.1	2619725	1961914	Complete Genome
GCA_002619745.1	2619745	1962671	Complete Genome
GCA_002619785.1	2619785	2496547	Complete Genome
GCA_002619805.1	2619805	1964565	Complete Genome
GCA_002619845.3	2619845	1965361	Complete Genome
GCA_002619865.1	2619865	1965363	Complete Genome
GCA_002619945.1	2619945	1965368	Complete Genome
GCA_002619985.1	2619985	1965370	Complete Genome
GCA_002620365.1	2620365	1965467	Complete Genome
GCA_002620465.1	2620465	1965472	Complete Genome
GCA_002620505.1	2620505	1965474	Complete Genome
GCA_002620585.1	2620585	1965478	Complete Genome
GCA_002620725.1	2620725	1965485	Complete Genome
GCA_002620805.1	2620805	1965489	Complete Genome
GCA_002621085.1	2621085	1969841	Complete Genome
GCA_002621245.1	2621245	1970795	Complete Genome
GCA_002622285.1	2622285	1973454	Complete Genome
GCA_002622305.1	2622305	1975614	Complete Genome
GCA_002622325.1	2622325	1978922	Complete Genome
GCA_002622365.1	2622365	1980139	Complete Genome
GCA_002622385.1	2622385	1340769	Complete Genome
GCA_002622405.1	2622405	1647403	Complete Genome
GCA_002622425.1	2622425	1701798	Complete Genome
GCA_002622505.1	2622505	1308899	Complete Genome
GCA_002622525.1	2622525	1660368	Complete Genome
GCA_002622545.1	2622545	1981499	Complete Genome
GCA_002622645.1	2622645	1981931	Complete Genome
GCA_002622705.1	2622705	1772293	Complete Genome
GCA_002622725.1	2622725	1772296	Complete Genome
GCA_002622745.1	2622745	1772297	Complete Genome
GCA_002622885.1	2622885	1772305	Complete Genome
GCA_002622925.1	2622925	1772291	Complete Genome
GCA_002622945.1	2622945	1821555	Complete Genome
GCA_002622965.1	2622965	1772294	Complete Genome
GCA_002622985.1	2622985	1772298	Complete Genome
GCA_002623005.1	2623005	1175654	Complete Genome
GCA_002623245.1	2623245	1682380	Complete Genome
GCA_002623265.1	2623265	1351735	Complete Genome
GCA_002623285.1	2623285	1073766	Complete Genome
GCA_002623305.1	2623305	1772319	Complete Genome
GCA_002623345.1	2623345	1662331	Complete Genome
GCA_002623365.1	2623365	1752027	Complete Genome
GCA_002623425.1	2623425	1089113	Complete Genome
GCA_002623505.1	2623505	1983447	Complete Genome
GCA_002623545.1	2623545	1983461	Complete Genome
GCA_002623605.1	2623605	1983539	Complete Genome
GCA_002623685.1	2623685	1983572	Complete Genome
GCA_002624025.3	2624025	1088864	Complete Genome
GCA_002624045.1	2624045	1034115	Complete Genome
GCA_002624325.1	2624325	1815986	Complete Genome
GCA_002624405.1	2624405	1296658	Complete Genome
GCA_002624425.1	2624425	1701846	Complete Genome
GCA_002624445.1	2624445	1051674	Complete Genome
GCA_002624485.1	2624485	1682394	Complete Genome
GCA_002624525.1	2624525	1784979	Complete Genome
GCA_002624545.1	2624545	1784981	Complete Genome
GCA_002624645.1	2624645	1032895	Complete Genome
GCA_002624665.1	2624665	1161934	Complete Genome
GCA_002624685.1	2624685	2928684	Complete Genome
GCA_002624845.1	2624845	2005054	Complete Genome
GCA_002624865.1	2624865	1211279	Complete Genome
GCA_002625005.1	2625005	2006684	Complete Genome
GCA_002625025.1	2625025	2006922	Complete Genome
GCA_002625125.1	2625125	2006930	Complete Genome
GCA_002625165.1	2625165	2006941	Complete Genome
GCA_002625185.1	2625185	2006942	Complete Genome
GCA_002625205.1	2625205	2010329	Complete Genome
GCA_002625425.1	2625425	2015807	Complete Genome
GCA_002625485.1	2625485	2015810	Complete Genome
GCA_002625565.1	2625565	2015815	Complete Genome
GCA_002625605.1	2625605	2015817	Complete Genome
GCA_002625665.1	2625665	2015820	Complete Genome
GCA_002625945.1	2625945	2015834	Complete Genome
GCA_002626045.1	2626045	2015839	Complete Genome
GCA_002626265.2	2626265	2015851	Complete Genome
GCA_002626285.1	2626285	2015853	Complete Genome
GCA_002626425.1	2626425	2015860	Complete Genome
GCA_002626705.1	2626705	2015874	Complete Genome
GCA_002626805.1	2626805	2015879	Complete Genome
GCA_002626865.1	2626865	2015882	Complete Genome
GCA_002626925.1	2626925	2015885	Complete Genome
GCA_002627065.1	2627065	2928692	Complete Genome
GCA_002627245.1	2627245	2022474	Complete Genome
GCA_002627265.1	2627265	2022859	Complete Genome
GCA_002627285.1	2627285	2023716	Complete Genome
GCA_002627525.1	2627525	2023996	Complete Genome
GCA_002627545.1	2627545	2023998	Complete Genome
GCA_002627665.1	2627665	2024208	Complete Genome
GCA_002627745.1	2627745	2024213	Complete Genome
GCA_002627945.1	2627945	2024238	Complete Genome
GCA_002628125.1	2628125	2024252	Complete Genome
GCA_002628185.1	2628185	2024261	Complete Genome
GCA_002628205.1	2628205	2024262	Complete Genome
GCA_002628245.1	2628245	2024264	Complete Genome
GCA_002628485.1	2628485	2024284	Complete Genome
GCA_002628705.1	2628705	2024295	Complete Genome
GCA_002628785.1	2628785	2024302	Complete Genome
GCA_002628805.1	2628805	2024303	Complete Genome
GCA_002628865.1	2628865	2024313	Complete Genome
GCA_002628885.1	2628885	2282196	Complete Genome
GCA_002628905.1	2628905	2024315	Complete Genome
GCA_002628925.1	2628925	2024316	Complete Genome
GCA_002629045.1	2629045	2026080	Complete Genome
GCA_002629125.1	2629125	2026102	Complete Genome
GCA_002629165.1	2629165	2026944	Complete Genome
GCA_002629205.1	2629205	2027883	Complete Genome
GCA_002629305.1	2629305	2027888	Complete Genome
GCA_002629525.1	2629525	2027899	Complete Genome
GCA_002629885.1	2629885	31754	Complete Genome
GCA_002630805.1	2630805	889876	Complete Genome
GCA_002630905.1	2630905	945083	Complete Genome
GCA_002630925.1	2630925	947842	Complete Genome
GCA_002632565.1	2632565	1034127	Complete Genome
GCA_002632605.1	2632605	2902881	Complete Genome
GCA_002632735.1	2632735	2920886	Complete Genome
GCA_002632795.1	2632795	2920882	Complete Genome
GCA_002633045.1	2633045	1147722	Complete Genome
GCA_002633435.1	2633435	1920526	Complete Genome
GCA_002633455.1	2633455	1034139	Complete Genome
GCA_002633475.1	2633475	1034146	Complete Genome
GCA_002633545.1	2633545	1034144	Complete Genome
GCA_002709675.1	2709675	2920885	Complete Genome
GCA_002709905.1	2709905	1871716	Complete Genome
GCA_002710125.1	2710125	754050	Complete Genome
GCA_002743535.1	2743535	1983541	Complete Genome
GCA_002743595.1	2743595	2024607	Complete Genome
GCA_002743655.1	2743655	2027905	Complete Genome
GCA_002743695.1	2743695	2029657	Complete Genome
GCA_002743735.1	2743735	2041205	Complete Genome
GCA_002743755.1	2743755	2041206	Complete Genome
GCA_002743775.1	2743775	2041207	Complete Genome
GCA_002743835.1	2743835	2041210	Complete Genome
GCA_002743855.1	2743855	2041211	Complete Genome
GCA_002743875.1	2743875	2041212	Complete Genome
GCA_002743955.1	2743955	2041344	Complete Genome
GCA_002744035.1	2744035	2041354	Complete Genome
GCA_002744055.1	2744055	2496545	Complete Genome
GCA_002744075.1	2744075	2041413	Complete Genome
GCA_002744095.1	2744095	2041454	Complete Genome
GCA_002744155.1	2744155	2041511	Complete Genome
GCA_002744185.1	2744185	2041512	Complete Genome
GCA_002744295.1	2744295	2041517	Complete Genome
GCA_002744525.1	2744525	2041528	Complete Genome
GCA_002745795.1	2745795	2507411	Complete Genome
GCA_002745815.1	2745815	1747286	Complete Genome
GCA_002745835.1	2745835	1852640	Complete Genome
GCA_002755055.1	2755055	2992639	Complete Genome
GCA_002755275.1	2755275	1220602	Complete Genome
GCA_002755335.1	2755335	1220715	Complete Genome
GCA_002755355.1	2755355	1220716	Complete Genome
GCA_002756615.1	2756615	1662333	Complete Genome
GCA_002756695.1	2756695	1675551	Complete Genome
GCA_002756735.1	2756735	1690426	Complete Genome
GCA_002757255.1	2757255	1777069	Complete Genome
GCA_002758035.1	2758035	1883375	Complete Genome
GCA_002758635.1	2758635	482822	Complete Genome
GCA_002827845.1	2827845	347330	Complete Genome
GCA_002829825.1	2829825	1723446	Complete Genome
GCA_002831125.1	2831125	2928681	Complete Genome
GCA_002866965.1	2866965	2920884	Complete Genome
GCA_002921615.1	2921615	10717	Complete Genome
GCA_002921755.1	2921755	1493510	Complete Genome
GCA_002922185.1	2922185	1883365	Complete Genome
GCA_002922425.1	2922425	2267236	Complete Genome
GCA_002954945.1	2954945	1916124	Complete Genome
GCA_002954955.1	2954955	1916125	Complete Genome
GCA_002954965.1	2954965	1916126	Complete Genome
GCA_002955045.1	2955045	1983553	Complete Genome
GCA_002955075.1	2955075	1983593	Complete Genome
GCA_002955095.1	2955095	1983595	Complete Genome
GCA_002955985.1	2955985	2034347	Complete Genome
GCA_002956015.1	2956015	2041345	Complete Genome
GCA_002956045.1	2956045	2041489	Complete Genome
GCA_002956075.1	2956075	2041492	Complete Genome
GCA_002956085.1	2956085	2041493	Complete Genome
GCA_002956095.1	2956095	2041515	Complete Genome
GCA_002956145.1	2956145	2044561	Complete Genome
GCA_002956205.1	2956205	2047782	Complete Genome
GCA_002956215.1	2956215	2047788	Complete Genome
GCA_002956225.1	2956225	2047801	Complete Genome
GCA_002956255.1	2956255	2047830	Complete Genome
GCA_002956295.1	2956295	2047834	Complete Genome
GCA_002956465.1	2956465	2047868	Complete Genome
GCA_002956475.1	2956475	2047869	Complete Genome
GCA_002956495.1	2956495	2047871	Complete Genome
GCA_002956505.1	2956505	2047872	Complete Genome
GCA_002956515.1	2956515	2047873	Complete Genome
GCA_002957125.1	2957125	2048007	Complete Genome
GCA_002957135.1	2957135	2048008	Complete Genome
GCA_002957145.1	2957145	2048061	Complete Genome
GCA_002957155.1	2957155	2048976	Complete Genome
GCA_002957165.1	2957165	2048977	Complete Genome
GCA_002957175.1	2957175	2048978	Complete Genome
GCA_002957245.1	2957245	2053078	Complete Genome
GCA_002957275.2	2957275	2053603	Complete Genome
GCA_002957305.1	2957305	2053672	Complete Genome
GCA_002957325.1	2957325	2053682	Complete Genome
GCA_002957415.1	2957415	2053701	Complete Genome
GCA_002957435.1	2957435	2053723	Complete Genome
GCA_002957445.1	2957445	2053812	Complete Genome
GCA_002957455.1	2957455	2053813	Complete Genome
GCA_002957515.2	2957515	2059855	Complete Genome
GCA_002957525.1	2957525	2059856	Complete Genome
GCA_002957545.1	2957545	2059879	Complete Genome
GCA_002957555.1	2957555	2059880	Complete Genome
GCA_002957565.1	2957565	2059881	Complete Genome
GCA_002957575.1	2957575	2059882	Complete Genome
GCA_002957585.1	2957585	2059883	Complete Genome
GCA_002957645.1	2957645	2570300	Complete Genome
GCA_002957655.1	2957655	2570301	Complete Genome
GCA_002957745.1	2957745	2060127	Complete Genome
GCA_002957915.1	2957915	2065199	Complete Genome
GCA_002957925.1	2957925	2065203	Complete Genome
GCA_002958005.1	2958005	2070028	Complete Genome
GCA_002958015.1	2958015	2070057	Complete Genome
GCA_002958055.1	2958055	2070181	Complete Genome
GCA_002958065.1	2958065	2070182	Complete Genome
GCA_002958075.1	2958075	2070183	Complete Genome
GCA_002958085.1	2958085	2070184	Complete Genome
GCA_002958095.1	2958095	2070185	Complete Genome
GCA_002958105.1	2958105	2070186	Complete Genome
GCA_002958115.1	2958115	2070187	Complete Genome
GCA_002958125.1	2958125	2070188	Complete Genome
GCA_002958145.1	2958145	2070190	Complete Genome
GCA_002958225.1	2958225	2070198	Complete Genome
GCA_002958235.1	2958235	2070201	Complete Genome
GCA_002958285.1	2958285	2072797	Complete Genome
GCA_002958325.1	2958325	2077134	Complete Genome
GCA_002958335.1	2958335	2077135	Complete Genome
GCA_002958395.1	2958395	2079280	Complete Genome
GCA_002958445.1	2958445	2079285	Complete Genome
GCA_002958465.1	2958465	2079288	Complete Genome
GCA_002958475.1	2958475	2079289	Complete Genome
GCA_002958485.1	2958485	2079290	Complete Genome
GCA_002958695.1	2958695	2079413	Complete Genome
GCA_002958715.1	2958715	2079415	Complete Genome
GCA_002958745.1	2958745	2079417	Complete Genome
GCA_002958855.1	2958855	2079427	Complete Genome
GCA_002958875.2	2958875	2079429	Complete Genome
GCA_002958895.1	2958895	2079432	Complete Genome
GCA_002958925.1	2958925	2079543	Complete Genome
GCA_002958945.1	2958945	2079564	Complete Genome
GCA_002959055.1	2959055	2079581	Complete Genome
GCA_002959075.1	2959075	2079583	Complete Genome
GCA_002959085.1	2959085	2079584	Complete Genome
GCA_002986005.1	2986005	2927008	Complete Genome
GCA_002987395.1	2987395	1548900	Complete Genome
GCA_002988105.1	2988105	10748	Complete Genome
GCA_002988115.1	2988115	1548912	Complete Genome
GCA_002989895.1	2989895	1958917	Complete Genome
GCA_002989955.1	2989955	1958919	Complete Genome
GCA_002990115.1	2990115	2681613	Complete Genome
GCA_002990125.1	2990125	2681615	Complete Genome
GCA_002990175.1	2990175	2060091	Complete Genome
GCA_002990195.1	2990195	2079431	Complete Genome
GCA_002990235.1	2990235	2079262	Complete Genome
GCA_002990265.1	2990265	2079544	Complete Genome
GCA_002990485.1	2990485	2052742	Complete Genome
GCA_002990725.1	2990725	2052754	Complete Genome
GCA_002990765.1	2990765	2052752	Complete Genome
GCA_002990805.1	2990805	2052753	Complete Genome
GCA_002997375.2	2997375	2081603	Complete Genome
GCA_002997455.1	2997455	2099850	Complete Genome
GCA_002997555.1	2997555	2099624	Complete Genome
GCA_002997575.1	2997575	2099625	Complete Genome
GCA_002997615.1	2997615	2099637	Complete Genome
GCA_002997715.1	2997715	2099444	Complete Genome
GCA_002997835.1	2997835	2099652	Complete Genome
GCA_002997855.1	2997855	2099852	Complete Genome
GCA_003004815.1	3004815	2052821	Complete Genome
GCA_003004825.1	3004825	2052822	Complete Genome
GCA_003004875.1	3004875	2083276	Complete Genome
GCA_003013875.1	3013875	2070180	Complete Genome
GCA_003013925.1	3013925	2108127	Complete Genome
GCA_003013965.1	3013965	2108121	Complete Genome
GCA_003013975.1	3013975	2108120	Complete Genome
GCA_003014035.1	3014035	2108134	Complete Genome
GCA_003014165.1	3014165	2099336	Complete Genome
GCA_003014175.1	3014175	2099338	Complete Genome
GCA_003014195.2	3014195	2108116	Complete Genome
GCA_003014285.1	3014285	2094144	Complete Genome
GCA_003014395.1	3014395	2036055	Complete Genome
GCA_003014935.1	3014935	2126819	Complete Genome
GCA_003023905.1	3023905	2079257	Complete Genome
GCA_003023925.1	3023925	2126734	Complete Genome
GCA_003031025.1	3031025	2070026	Complete Genome
GCA_003034585.1	3034585	2108137	Complete Genome
GCA_003034595.1	3034595	2126724	Complete Genome
GCA_003034835.2	3034835	2137745	Complete Genome
GCA_003044095.1	3044095	2138298	Complete Genome
GCA_003044105.1	3044105	2138299	Complete Genome
GCA_003047795.1	3047795	1118064	Complete Genome
GCA_003047835.1	3047835	1206556	Complete Genome
GCA_003093875.1	3093875	2163901	Complete Genome
GCA_003093935.2	3093935	2163633	Complete Genome
GCA_003093975.1	3093975	2163984	Complete Genome
GCA_003093995.1	3093995	2163982	Complete Genome
GCA_003094015.1	3094015	2163983	Complete Genome
GCA_003094055.1	3094055	2115967	Complete Genome
GCA_003094215.1	3094215	2496546	Complete Genome
GCA_003094255.2	3094255	2163630	Complete Genome
GCA_003094275.1	3094275	2163636	Complete Genome
GCA_003094295.1	3094295	2163634	Complete Genome
GCA_003094335.1	3094335	2163631	Complete Genome
GCA_003143035.1	3143035	2163590	Complete Genome
GCA_003143175.1	3143175	2163598	Complete Genome
GCA_003143315.1	3143315	2175687	Complete Genome
GCA_003143335.1	3143335	2175688	Complete Genome
GCA_003143375.2	3143375	2163976	Complete Genome
GCA_003146805.1	3146805	1590550	Complete Genome
GCA_003181195.1	3181195	1983582	Complete Genome
GCA_003182865.1	3182865	2178923	Complete Genome
GCA_003182885.1	3182885	2182350	Complete Genome
GCA_003182965.1	3182965	2182354	Complete Genome
GCA_003182985.1	3182985	2182360	Complete Genome
GCA_003183085.1	3183085	2182349	Complete Genome
GCA_003183145.1	3183145	2182357	Complete Genome
GCA_003183245.1	3183245	2182408	Complete Genome
GCA_003183345.1	3183345	2992928	Complete Genome
GCA_003183625.1	3183625	2182341	Complete Genome
GCA_003183745.1	3183745	2182346	Complete Genome
GCA_003226615.1	3226615	1983555	Complete Genome
GCA_003226635.1	3226635	1983556	Complete Genome
GCA_003226655.1	3226655	1983557	Complete Genome
GCA_003288515.1	3288515	2041351	Complete Genome
GCA_003288535.1	3288535	2048517	Complete Genome
GCA_003307335.2	3307335	1983536	Complete Genome
GCA_003307815.1	3307815	2201435	Complete Genome
GCA_003307855.1	3307855	2201436	Complete Genome
GCA_003307875.1	3307875	2201437	Complete Genome
GCA_003308035.1	3308035	2201442	Complete Genome
GCA_003308055.1	3308055	2201430	Complete Genome
GCA_003308155.1	3308155	2201431	Complete Genome
GCA_003308195.1	3308195	2201444	Complete Genome
GCA_003308215.1	3308215	2992929	Complete Genome
GCA_003308495.1	3308495	2201421	Complete Genome
GCA_003308555.1	3308555	2201424	Complete Genome
GCA_003308615.1	3308615	2218611	Complete Genome
GCA_003308735.1	3308735	2218612	Complete Genome
GCA_003328645.1	3328645	2026113	Complete Genome
GCA_003328765.1	3328765	2025809	Complete Genome
GCA_003328825.1	3328825	1285382	Complete Genome
GCA_003329145.1	3329145	1815983	Complete Genome
GCA_003329205.1	3329205	1815984	Complete Genome
GCA_003329305.1	3329305	2681612	Complete Genome
GCA_003329345.1	3329345	2681614	Complete Genome
GCA_003329365.1	3329365	2886900	Complete Genome
GCA_003329385.1	3329385	2684227	Complete Genome
GCA_003329545.1	3329545	1759525	Complete Genome
GCA_003329705.1	3329705	1476978	Complete Genome
GCA_003329945.1	3329945	912321	Complete Genome
GCA_003329965.1	3329965	1225793	Complete Genome
GCA_003330045.1	3330045	2681616	Complete Genome
GCA_003341035.2	3341035	2268589	Complete Genome
GCA_003341435.1	3341435	2268587	Complete Genome
GCA_003344285.1	3344285	1881383	Complete Genome
GCA_003344325.1	3344325	1048189	Complete Genome
GCA_003344985.1	3344985	2267653	Complete Genome
GCA_003354205.1	3354205	2282904	Complete Genome
GCA_003364375.1	3364375	2175605	Complete Genome
GCA_003365175.1	3365175	2250291	Complete Genome
GCA_003365275.1	3365275	2250289	Complete Genome
GCA_003365615.1	3365615	2250319	Complete Genome
GCA_003365735.1	3365735	2250320	Complete Genome
GCA_003365895.1	3365895	2250323	Complete Genome
GCA_003366275.1	3366275	2283246	Complete Genome
GCA_003366535.1	3366535	2283252	Complete Genome
GCA_003366875.1	3366875	2992931	Complete Genome
GCA_003366935.1	3366935	2283286	Complete Genome
GCA_003367035.1	3367035	2283013	Complete Genome
GCA_003367055.1	3367055	2283015	Complete Genome
GCA_003368625.1	3368625	2201420	Complete Genome
GCA_003368845.1	3368845	2249779	Complete Genome
GCA_003368945.1	3368945	2249773	Complete Genome
GCA_003369185.1	3369185	1636259	Complete Genome
GCA_003369225.1	3369225	1636256	Complete Genome
GCA_003369305.1	3369305	1332145	Complete Genome
GCA_003423065.1	3423065	2041382	Complete Genome
GCA_003423085.1	3423085	2041383	Complete Genome
GCA_003423225.1	3423225	2282910	Complete Genome
GCA_003423245.1	3423245	2250392	Complete Genome
GCA_003423265.1	3423265	2250397	Complete Genome
GCA_003423285.1	3423285	2282912	Complete Genome
GCA_003423425.1	3423425	2283012	Complete Genome
GCA_003428315.1	3428315	2100130	Complete Genome
GCA_003440355.1	3440355	743571	Complete Genome
GCA_003440755.1	3440755	743543	Complete Genome
GCA_003440975.1	3440975	743558	Complete Genome
GCA_003441035.1	3441035	743565	Complete Genome
GCA_003441135.1	3441135	743578	Complete Genome
GCA_003441355.1	3441355	2041472	Complete Genome
GCA_003441375.1	3441375	2041473	Complete Genome
GCA_003441855.1	3441855	2267403	Complete Genome
GCA_003441895.1	3441895	2301547	Complete Genome
GCA_003441955.1	3441955	2301538	Complete Genome
GCA_003442115.1	3442115	2301539	Complete Genome
GCA_003442195.1	3442195	2301561	Complete Genome
GCA_003442275.1	3442275	2301573	Complete Genome
GCA_003442335.1	3442335	2301558	Complete Genome
GCA_003442455.1	3442455	2301559	Complete Genome
GCA_003442555.1	3442555	2301731	Complete Genome
GCA_003442615.1	3442615	2301692	Complete Genome
GCA_003442675.1	3442675	2301704	Complete Genome
GCA_003442775.1	3442775	2301696	Complete Genome
GCA_003442955.1	3442955	2301694	Complete Genome
GCA_003442995.1	3442995	2301701	Complete Genome
GCA_003443035.1	3443035	2301697	Complete Genome
GCA_003443075.1	3443075	2301664	Complete Genome
GCA_003443255.1	3443255	2283269	Complete Genome
GCA_003443275.1	3443275	2283271	Complete Genome
GCA_003443295.1	3443295	2283270	Complete Genome
GCA_003443315.2	3443315	2283272	Complete Genome
GCA_003443495.1	3443495	1450749	Complete Genome
GCA_003456955.1	3456955	2989854	Complete Genome
GCA_003456995.1	3456995	2989853	Complete Genome
GCA_003505395.1	3505395	2740798	Complete Genome
GCA_003505615.1	3505615	2740799	Complete Genome
GCA_003568435.1	3568435	2283033	Complete Genome
GCA_003568475.1	3568475	2283031	Complete Genome
GCA_003568515.1	3568515	2283029	Complete Genome
GCA_003571865.1	3571865	1983784	Complete Genome
GCA_003575385.1	3575385	2320191	Complete Genome
GCA_003575425.1	3575425	2320192	Complete Genome
GCA_003575845.1	3575845	2316154	Complete Genome
GCA_003597575.1	3597575	1881262	Complete Genome
GCA_003600665.1	3600665	2234093	Complete Genome
GCA_003601095.1	3601095	2301602	Complete Genome
GCA_003601255.1	3601255	2301604	Complete Genome
GCA_003601335.1	3601335	2301601	Complete Genome
GCA_003601415.1	3601415	2301600	Complete Genome
GCA_003613135.1	3613135	2315700	Complete Genome
GCA_003613215.1	3613215	2315716	Complete Genome
GCA_003613295.1	3613295	2315527	Complete Genome
GCA_003613335.1	3613335	2315486	Complete Genome
GCA_003613355.1	3613355	2315466	Complete Genome
GCA_003613375.1	3613375	2315467	Complete Genome
GCA_003613435.1	3613435	2315703	Complete Genome
GCA_003613605.1	3613605	2340712	Complete Genome
GCA_003613635.1	3613635	2382310	Complete Genome
GCA_003613875.1	3613875	2315616	Complete Genome
GCA_003613915.1	3613915	2315458	Complete Genome
GCA_003614015.1	3614015	2315529	Complete Genome
GCA_003614055.1	3614055	2315530	Complete Genome
GCA_003614115.1	3614115	2315531	Complete Genome
GCA_003614215.1	3614215	2315539	Complete Genome
GCA_003614635.1	3614635	2315470	Complete Genome
GCA_003665765.1	3665765	2315483	Complete Genome
GCA_003665805.1	3665805	2315485	Complete Genome
GCA_003668255.1	3668255	2315475	Complete Genome
GCA_003668295.1	3668295	2315597	Complete Genome
GCA_003668315.1	3668315	2315766	Complete Genome
GCA_003668515.1	3668515	2496544	Complete Genome
GCA_003691935.1	3691935	2419971	Complete Genome
GCA_003692035.1	3692035	2419949	Complete Genome
GCA_003692075.1	3692075	2419950	Complete Genome
GCA_003692175.1	3692175	2419956	Complete Genome
GCA_003692215.1	3692215	2419978	Complete Genome
GCA_003692515.1	3692515	2419946	Complete Genome
GCA_003692535.1	3692535	2419951	Complete Genome
GCA_003692555.1	3692555	2419959	Complete Genome
GCA_003715125.1	3715125	2992576	Complete Genome
GCA_003718775.1	3718775	2419930	Complete Genome
GCA_003718835.1	3718835	2419618	Complete Genome
GCA_003718995.1	3718995	2419942	Complete Genome
GCA_003719015.1	3719015	2419682	Complete Genome
GCA_003719115.1	3719115	2178928	Complete Genome
GCA_003722535.1	3722535	2484217	Complete Genome
GCA_003722615.1	3722615	2484206	Complete Genome
GCA_003722715.1	3722715	2484218	Complete Genome
GCA_003722815.1	3722815	2483667	Complete Genome
GCA_003722855.1	3722855	2483669	Complete Genome
GCA_003723295.1	3723295	2340716	Complete Genome
GCA_003723375.1	3723375	1932007	Complete Genome
GCA_003723455.1	3723455	2484640	Complete Genome
GCA_003764565.1	3764565	2153295	Complete Genome
GCA_003843585.1	3843585	2847823	Complete Genome
GCA_003843605.1	3843605	2847822	Complete Genome
GCA_003846115.1	3846115	2267607	Complete Genome
GCA_003861635.1	3861635	1927017	Complete Genome
GCA_003861695.1	3861695	2053653	Complete Genome
GCA_003865495.1	3865495	2483611	Complete Genome
GCA_003865535.3	3865535	2488835	Complete Genome
GCA_003865675.1	3865675	2488654	Complete Genome
GCA_003865695.1	3865695	2488859	Complete Genome
GCA_003926195.1	3926195	1881242	Complete Genome
GCA_003926355.1	3926355	1881450	Complete Genome
GCA_003926515.1	3926515	1881421	Complete Genome
GCA_003926855.1	3926855	1881303	Complete Genome
GCA_003927295.1	3927295	1881315	Complete Genome
GCA_003929175.1	3929175	1881217	Complete Genome
GCA_003929535.1	3929535	1881263	Complete Genome
GCA_003929875.1	3929875	1881226	Complete Genome
GCA_003930115.1	3930115	1881231	Complete Genome
GCA_003930255.1	3930255	1881236	Complete Genome
GCA_003930355.1	3930355	1881268	Complete Genome
GCA_003930555.1	3930555	1881237	Complete Genome
GCA_003931475.1	3931475	1262540	Complete Genome
GCA_003958705.1	3958705	2716352	Complete Genome
GCA_003958765.1	3958765	2716350	Complete Genome
GCA_003958845.1	3958845	2716351	Complete Genome
GCA_003991665.1	3991665	2420320	Complete Genome
GCA_004006745.1	4006745	2499073	Complete Genome
GCA_004006885.1	4006885	2499072	Complete Genome
GCA_004007315.1	4007315	2499042	Complete Genome
GCA_004008425.1	4008425	2499009	Complete Genome
GCA_004008635.1	4008635	2499037	Complete Genome
GCA_004015585.1	4015585	2500827	Complete Genome
GCA_004015965.1	4015965	2500787	Complete Genome
GCA_004135185.1	4135185	2500808	Complete Genome
GCA_004135225.1	4135225	2500809	Complete Genome
GCA_004135245.1	4135245	2500810	Complete Genome
GCA_004138795.1	4138795	2507711	Complete Genome
GCA_004138855.1	4138855	2492961	Complete Genome
GCA_004139035.1	4139035	2507858	Complete Genome
GCA_004139115.1	4139115	2507862	Complete Genome
GCA_004139135.1	4139135	2507863	Complete Genome
GCA_004139235.1	4139235	2785027	Complete Genome
GCA_004146645.1	4146645	2500166	Complete Genome
GCA_004146665.1	4146665	2508090	Complete Genome
GCA_004146745.1	4146745	2419756	Complete Genome
GCA_004147045.1	4147045	2484249	Complete Genome
GCA_004147145.1	4147145	2501743	Complete Genome
GCA_004147225.1	4147225	2510495	Complete Genome
GCA_004147405.1	4147405	2500799	Complete Genome
GCA_004149105.1	4149105	2500795	Complete Genome
GCA_004149125.1	4149125	2500797	Complete Genome
GCA_004149165.1	4149165	2510568	Complete Genome
GCA_004149205.1	4149205	2510571	Complete Genome
GCA_004149385.1	4149385	2510525	Complete Genome
GCA_004149845.1	4149845	2510508	Complete Genome
GCA_004149905.1	4149905	2510506	Complete Genome
GCA_004149985.1	4149985	2508071	Complete Genome
GCA_004193995.1	4193995	2099853	Complete Genome
GCA_004194135.1	4194135	2099860	Complete Genome
GCA_004194215.1	4194215	2500581	Complete Genome
GCA_004338005.1	4338005	2483623	Complete Genome
GCA_004338415.1	4338415	2847105	Complete Genome
GCA_004338495.1	4338495	2530139	Complete Genome
GCA_004339065.1	4339065	2530118	Complete Genome
GCA_004339925.1	4339925	2530160	Complete Genome
GCA_004340325.1	4340325	114777	Complete Genome
GCA_004340505.2	4340505	2530172	Complete Genome
GCA_004400365.1	4400365	2563525	Complete Genome
GCA_004519775.1	4519775	2510470	Complete Genome
GCA_004519835.1	4519835	2510464	Complete Genome
GCA_004520375.1	4520375	2517971	Complete Genome
GCA_004520475.1	4520475	2517965	Complete Genome
GCA_004521015.1	4521015	2530116	Complete Genome
GCA_004521275.1	4521275	2502409	Complete Genome
GCA_004521515.1	4521515	2545435	Complete Genome
GCA_004521655.1	4521655	2530027	Complete Genome
GCA_004521775.1	4521775	2510483	Complete Genome
GCA_004521815.1	4521815	2510486	Complete Genome
GCA_004610715.1	4610715	2530183	Complete Genome
GCA_004768965.1	4768965	2495553	Complete Genome
GCA_004768985.1	4768985	2495554	Complete Genome
GCA_004771375.1	4771375	2530032	Complete Genome
GCA_004799845.1	4799845	2562461	Complete Genome
GCA_004800025.1	4800025	2562192	Complete Genome
GCA_004800045.1	4800045	2562185	Complete Genome
GCA_004800205.1	4800205	2562235	Complete Genome
GCA_004800265.1	4800265	2562456	Complete Genome
GCA_004800625.1	4800625	2546621	Complete Genome
GCA_004800785.1	4800785	2546622	Complete Genome
GCA_004800915.1	4800915	2562142	Complete Genome
GCA_004800935.1	4800935	754059	Complete Genome
GCA_004875685.1	4875685	756276	Complete Genome
GCA_005145325.1	5145325	2565510	Complete Genome
GCA_005145505.1	5145505	2572526	Complete Genome
GCA_005394125.1	5394125	2510480	Complete Genome
GCA_005394165.1	5394165	2510455	Complete Genome
GCA_005394215.1	5394215	2530033	Complete Genome
GCA_005566445.1	5566445	2565502	Complete Genome
GCA_005566875.1	5566875	2565501	Complete Genome
GCA_005568315.1	5568315	2565657	Complete Genome
GCA_005568375.1	5568375	2565658	Complete Genome
GCA_005568555.1	5568555	2849598	Complete Genome
GCA_005890215.1	5890215	2510452	Complete Genome
GCA_005891865.1	5891865	2557554	Complete Genome
GCA_005891905.1	5891905	2557553	Complete Genome
GCA_005892005.1	5892005	2557582	Complete Genome
GCA_005892145.1	5892145	2508206	Complete Genome
GCA_005892205.1	5892205	2508193	Complete Genome
GCA_005892845.1	5892845	2557579	Complete Genome
GCA_006032195.1	6032195	2575255	Complete Genome
GCA_006083115.1	6083115	2575323	Complete Genome
GCA_006083715.1	6083715	2991867	Complete Genome
GCA_006177605.1	6177605	2510942	Complete Genome
GCA_006177625.1	6177625	2510943	Complete Genome
GCA_006177745.1	6177745	2510941	Complete Genome
GCA_006304545.1	6304545	2283026	Complete Genome
GCA_006304615.1	6304615	2283025	Complete Genome
GCA_006384275.1	6384275	2584487	Complete Genome
GCA_006384355.1	6384355	2588098	Complete Genome
GCA_006384375.1	6384375	2588097	Complete Genome
GCA_006384555.1	6384555	2588127	Complete Genome
GCA_006384735.1	6384735	2587814	Complete Genome
GCA_006384795.1	6384795	2587809	Complete Genome
GCA_006384835.1	6384835	2583286	Complete Genome
GCA_006529855.1	6529855	2590877	Complete Genome
GCA_006530075.1	6530075	2583039	Complete Genome
GCA_006530115.1	6530115	2571253	Complete Genome
GCA_006530355.1	6530355	2571249	Complete Genome
GCA_006530535.1	6530535	2588501	Complete Genome
GCA_006535815.1	6535815	2588513	Complete Genome
GCA_006535875.1	6535875	2588505	Complete Genome
GCA_006863005.1	6863005	2575325	Complete Genome
GCA_006863425.1	6863425	2588093	Complete Genome
GCA_006863475.1	6863475	2588094	Complete Genome
GCA_006863775.1	6863775	2591030	Complete Genome
GCA_006863845.1	6863845	2591031	Complete Genome
GCA_006863865.1	6863865	2591032	Complete Genome
GCA_006863925.1	6863925	2591033	Complete Genome
GCA_006864235.1	6864235	2591074	Complete Genome
GCA_006864805.1	6864805	2589665	Complete Genome
GCA_006869665.1	6869665	2591398	Complete Genome
GCA_006869785.2	6869785	2178927	Complete Genome
GCA_006964105.1	6964105	2508172	Complete Genome
GCA_006964305.1	6964305	2591403	Complete Genome
GCA_006964325.1	6964325	2591039	Complete Genome
GCA_006964385.1	6964385	2591041	Complete Genome
GCA_006964405.1	6964405	2591042	Complete Genome
GCA_006964425.1	6964425	2591043	Complete Genome
GCA_006964705.1	6964705	2588489	Complete Genome
GCA_006964885.1	6964885	2591223	Complete Genome
GCA_006965185.1	6965185	2591212	Complete Genome
GCA_006965265.1	6965265	2591211	Complete Genome
GCA_006965345.1	6965345	2591407	Complete Genome
GCA_006965385.1	6965385	2588499	Complete Genome
GCA_007051145.1	7051145	2588099	Complete Genome
GCA_007051325.1	7051325	2593351	Complete Genome
GCA_007051465.1	7051465	2593333	Complete Genome
GCA_007310875.1	7310875	2591131	Complete Genome
GCA_007311425.1	7311425	2591132	Complete Genome
GCA_007647105.1	7647105	2593638	Complete Genome
GCA_007647415.1	7647415	2590936	Complete Genome
GCA_007647435.1	7647435	2590946	Complete Genome
GCA_007647645.1	7647645	2590948	Complete Genome
GCA_007998335.1	7998335	2589652	Complete Genome
GCA_007998555.1	7998555	2596966	Complete Genome
GCA_008214025.1	8214025	2591057	Complete Genome
GCA_008214915.1	8214915	2589658	Complete Genome
GCA_008215005.1	8215005	2588515	Complete Genome
GCA_008215065.1	8215065	2588518	Complete Genome
GCA_008215305.1	8215305	2596674	Complete Genome
GCA_008215405.1	8215405	2596672	Complete Genome
GCA_008215425.1	8215425	2596673	Complete Genome
GCA_008227445.1	8227445	2592212	Complete Genome
GCA_008375435.2	8375435	2604899	Complete Genome
GCA_008375495.1	8375495	2601626	Complete Genome
GCA_008605685.1	8605685	2599764	Complete Genome
GCA_008704725.1	8704725	2593268	Complete Genome
GCA_008704755.1	8704755	2601643	Complete Genome
GCA_008705035.1	8705035	2601686	Complete Genome
GCA_008725535.1	8725535	926474	Complete Genome
GCA_008801235.1	8801235	2420237	Complete Genome
GCA_008938705.1	8938705	2599852	Complete Genome
GCA_008939205.1	8939205	2599880	Complete Genome
GCA_008939465.1	8939465	2599838	Complete Genome
GCA_008939545.1	8939545	2575610	Complete Genome
GCA_008939585.1	8939585	2599868	Complete Genome
GCA_008939625.1	8939625	2599860	Complete Genome
GCA_008939645.1	8939645	2599857	Complete Genome
GCA_008939685.1	8939685	2599843	Complete Genome
GCA_008940205.1	8940205	2599888	Complete Genome
GCA_008945125.1	8945125	2599845	Complete Genome
GCA_008946225.1	8946225	2599848	Complete Genome
GCA_008946305.1	8946305	2608321	Complete Genome
GCA_008946405.1	8946405	2652402	Complete Genome
GCA_008947205.1	8947205	2575612	Complete Genome
GCA_008951945.1	8951945	2650874	Complete Genome
GCA_008952025.1	8952025	2591136	Complete Genome
GCA_009186365.1	9186365	2652422	Complete Genome
GCA_009186825.1	9186825	2652415	Complete Genome
GCA_009187715.1	9187715	2652882	Complete Genome
GCA_009387965.1	9387965	2601678	Complete Genome
GCA_009388065.1	9388065	2650877	Complete Genome
GCA_009388225.1	9388225	2601680	Complete Genome
GCA_009388345.1	9388345	2655002	Complete Genome
GCA_009388365.1	9388365	2654972	Complete Genome
GCA_009388425.1	9388425	2653651	Complete Genome
GCA_009662515.1	9662515	2315217	Complete Genome
GCA_009662895.1	9662895	2663325	Complete Genome
GCA_009662935.1	9662935	2849700	Complete Genome
GCA_009667665.1	9667665	2662138	Complete Genome
GCA_009671745.1	9671745	2576500	Complete Genome
GCA_009672365.1	9672365	2653270	Complete Genome
GCA_009672745.1	9672745	2653750	Complete Genome
GCA_009672845.1	9672845	2653755	Complete Genome
GCA_009673325.1	9673325	2662127	Complete Genome
GCA_009673345.1	9673345	2662128	Complete Genome
GCA_009673525.1	9673525	2664226	Complete Genome
GCA_009686105.1	9686105	2656529	Complete Genome
GCA_009686265.1	9686265	2656617	Complete Genome
GCA_009688005.1	9688005	2656582	Complete Genome
GCA_009688065.1	9688065	2656532	Complete Genome
GCA_009688665.1	9688665	2656539	Complete Genome
GCA_009688685.1	9688685	2656526	Complete Genome
GCA_009689145.1	9689145	2656534	Complete Genome
GCA_009689505.1	9689505	2656547	Complete Genome
GCA_009730695.1	9730695	2547425	Complete Genome
GCA_009800445.1	9800445	2664246	Complete Genome
GCA_009800465.1	9800465	2678601	Complete Genome
GCA_009800485.1	9800485	2686080	Complete Genome
GCA_009800865.1	9800865	2686290	Complete Genome
GCA_009800885.1	9800885	2686308	Complete Genome
GCA_009800905.1	9800905	2686437	Complete Genome
GCA_009828375.1	9828375	1965354	Complete Genome
GCA_009859635.1	9859635	2686071	Complete Genome
GCA_009860175.1	9860175	2686231	Complete Genome
GCA_009860215.1	9860215	2686233	Complete Genome
GCA_009860315.1	9860315	2686242	Complete Genome
GCA_009860355.1	9860355	2686244	Complete Genome
GCA_009860375.1	9860375	2686245	Complete Genome
GCA_009860395.1	9860395	2686246	Complete Genome
GCA_009860415.1	9860415	2686247	Complete Genome
GCA_009860475.1	9860475	2686250	Complete Genome
GCA_009860495.1	9860495	2686251	Complete Genome
GCA_009860635.1	9860635	2686258	Complete Genome
GCA_009860735.1	9860735	2686263	Complete Genome
GCA_009860795.1	9860795	2686266	Complete Genome
GCA_009861045.1	9861045	2686278	Complete Genome
GCA_009909565.1	9909565	2686474	Complete Genome
GCA_009931845.1	9931845	2690230	Complete Genome
GCA_009932005.1	9932005	2847044	Complete Genome
GCA_009932015.2	9932015	2724180	Complete Genome
GCA_010120085.1	10120085	2696375	Complete Genome
GCA_010120095.1	10120095	2696376	Complete Genome
GCA_010120125.1	10120125	2696379	Complete Genome
GCA_010120185.1	10120185	2696385	Complete Genome
GCA_010120295.1	10120295	2696397	Complete Genome
GCA_010120775.1	10120775	2696426	Complete Genome
GCA_010238265.1	10238265	2696340	Complete Genome
GCA_010594855.1	10594855	2848097	Complete Genome
GCA_010706295.1	10706295	2704031	Complete Genome
GCA_010706305.1	10706305	2708562	Complete Genome
GCA_011022365.1	11022365	2305480	Complete Genome
GCA_011064345.1	11064345	2713242	Complete Genome
GCA_011064355.1	11064355	2713243	Complete Genome
GCA_011067295.1	11067295	2660688	Complete Genome
GCA_011067365.1	11067365	2704033	Complete Genome
GCA_011067465.1	11067465	2704043	Complete Genome
GCA_011067505.1	11067505	2708631	Complete Genome
GCA_011106535.1	11106535	2660715	Complete Genome
GCA_011756555.1	11756555	2713256	Complete Genome
GCA_011756565.1	11756565	2713257	Complete Genome
GCA_011756615.1	11756615	2713262	Complete Genome
GCA_011756725.1	11756725	2713276	Complete Genome
GCA_011756775.1	11756775	2713282	Complete Genome
GCA_011897435.1	11897435	2719575	Complete Genome
GCA_011899895.1	11899895	2719593	Complete Genome
GCA_011899945.1	11899945	2719594	Complete Genome
GCA_012163105.1	12163105	2721760	Complete Genome
GCA_012360595.1	12360595	2723758	Complete Genome
GCA_012593925.1	12593925	2832643	Complete Genome
GCA_012933845.1	12933845	2725606	Complete Genome
GCA_012933935.1	12933935	2725616	Complete Genome
GCA_012979645.1	12979645	2729575	Complete Genome
GCA_013084985.1	13084985	2601610	Complete Genome
GCA_013215495.1	13215495	2729541	Complete Genome
GCA_013284075.1	13284075	2591411	Complete Genome
GCA_013306735.1	13306735	2742114	Complete Genome
GCA_013348135.1	13348135	2736266	Complete Genome
GCA_013354345.1	13354345	2744004	Complete Genome
GCA_013354555.1	13354555	2744011	Complete Genome
GCA_013363035.1	13363035	137511	Complete Genome
GCA_013375085.2	13375085	2601675	Complete Genome
GCA_013375135.1	13375135	2744802	Complete Genome
GCA_013387685.1	13387685	2710495	Complete Genome
GCA_013388005.1	13388005	2743909	Complete Genome
GCA_013415945.1	13415945	3023082	Complete Genome
GCA_013426305.1	13426305	2743781	Complete Genome
GCA_013426425.1	13426425	2743990	Complete Genome
GCA_013426465.1	13426465	2743994	Complete Genome
GCA_013490925.1	13490925	2749426	Complete Genome
GCA_014071165.1	14071165	2749430	Complete Genome
GCA_014071225.1	14071225	2759177	Complete Genome
GCA_014071275.1	14071275	2759464	Complete Genome
GCA_014183385.1	14183385	2761109	Complete Genome
GCA_014183395.1	14183395	2761110	Complete Genome
GCA_014262575.1	14262575	2759709	Complete Genome
GCA_014262615.1	14262615	2759710	Complete Genome
GCA_014262805.1	14262805	2759715	Complete Genome
GCA_014262885.1	14262885	2759719	Complete Genome
GCA_014262965.2	14262965	2759720	Complete Genome
GCA_014263015.2	14263015	2759721	Complete Genome
GCA_014263095.1	14263095	2759724	Complete Genome
GCA_014263175.1	14263175	2759725	Complete Genome
GCA_014263205.2	14263205	2759726	Complete Genome
GCA_014263265.1	14263265	2759728	Complete Genome
GCA_014263305.1	14263305	2759732	Complete Genome
GCA_014337575.1	14337575	2762281	Complete Genome
GCA_014337595.1	14337595	2762283	Complete Genome
GCA_014337735.1	14337735	2762397	Complete Genome
GCA_014488745.1	14488745	2716322	Complete Genome
GCA_014488905.1	14488905	2759459	Complete Genome
GCA_014518225.1	14518225	2769359	Complete Genome
GCA_014518245.1	14518245	2766528	Complete Genome
GCA_014518255.1	14518255	2766529	Complete Genome
GCA_014824285.1	14824285	2759198	Complete Genome
GCA_014824375.1	14824375	2759389	Complete Genome
GCA_014824445.1	14824445	2759393	Complete Genome
GCA_014824535.1	14824535	2763102	Complete Genome
GCA_014857005.1	14857005	2767570	Complete Genome
GCA_014892765.1	14892765	2776735	Complete Genome
GCA_015160935.1	15160935	2772059	Complete Genome
GCA_015160945.1	15160945	2772060	Complete Genome
GCA_015160955.1	15160955	2772061	Complete Genome
GCA_015160965.1	15160965	2772062	Complete Genome
GCA_015160975.1	15160975	2772063	Complete Genome
GCA_015160985.1	15160985	2772064	Complete Genome
GCA_015160995.1	15160995	2772065	Complete Genome
GCA_015161005.1	15161005	2772066	Complete Genome
GCA_015161015.1	15161015	2772067	Complete Genome
GCA_015161025.1	15161025	2772068	Complete Genome
GCA_015161035.1	15161035	2772069	Complete Genome
GCA_015161045.1	15161045	2772070	Complete Genome
GCA_015161055.1	15161055	2772071	Complete Genome
GCA_015161065.1	15161065	2772072	Complete Genome
GCA_015161075.1	15161075	2772073	Complete Genome
GCA_015161085.1	15161085	2772074	Complete Genome
GCA_015161095.1	15161095	2772075	Complete Genome
GCA_015161105.1	15161105	2772076	Complete Genome
GCA_015161115.1	15161115	2772077	Complete Genome
GCA_015161125.1	15161125	2772078	Complete Genome
GCA_015161135.1	15161135	2772079	Complete Genome
GCA_015161145.1	15161145	2772080	Complete Genome
GCA_015161155.1	15161155	2772081	Complete Genome
GCA_015161185.1	15161185	2772084	Complete Genome
GCA_015161195.1	15161195	2772085	Complete Genome
GCA_015161205.1	15161205	2772086	Complete Genome
GCA_015161215.1	15161215	2772087	Complete Genome
GCA_015161225.1	15161225	2772088	Complete Genome
GCA_015161235.1	15161235	2772089	Complete Genome
GCA_015161245.1	15161245	2772090	Complete Genome
GCA_015161255.1	15161255	2772091	Complete Genome
GCA_015161265.1	15161265	2772092	Complete Genome
GCA_015161275.1	15161275	2772093	Complete Genome
GCA_015161285.1	15161285	2772094	Complete Genome
GCA_015161295.1	15161295	2772095	Complete Genome
GCA_015161355.1	15161355	2777318	Complete Genome
GCA_015244885.1	15244885	2767576	Complete Genome
GCA_015502025.1	15502025	2767578	Complete Genome
GCA_015502035.1	15502035	2767579	Complete Genome
GCA_015502085.1	15502085	2767584	Complete Genome
GCA_015502125.1	15502125	2767588	Complete Genome
GCA_015502185.1	15502185	2783540	Complete Genome
GCA_015502255.1	15502255	2783547	Complete Genome
GCA_015620935.1	15620935	2664196	Complete Genome
GCA_015918135.1	15918135	2793696	Complete Genome
GCA_015918465.1	15918465	2793705	Complete Genome
GCA_015992465.1	15992465	2775045	Complete Genome
GCA_016103585.1	16103585	2794946	Complete Genome
GCA_016103595.1	16103595	2794947	Complete Genome
GCA_016456145.1	16456145	2796514	Complete Genome
GCA_016653835.1	16653835	2797324	Complete Genome
GCA_016673615.1	16673615	2801480	Complete Genome
GCA_016759225.1	16759225	2801477	Complete Genome
GCA_016865745.1	16865745	2749381	Complete Genome
GCA_017347815.2	17347815	2806547	Complete Genome
GCA_017347905.1	17347905	2812854	Complete Genome
GCA_017654305.1	17654305	2781364	Complete Genome
GCA_017903485.1	17903485	2723769	Complete Genome
GCA_017903555.1	17903555	2723897	Complete Genome
GCA_017903585.1	17903585	2723898	Complete Genome
GCA_017903595.1	17903595	2723899	Complete Genome
GCA_017903645.1	17903645	2723900	Complete Genome
GCA_017903925.1	17903925	2820395	Complete Genome
GCA_018127655.1	18127655	2769808	Complete Genome
GCA_018642055.1	18642055	2743804	Complete Genome
GCA_018642095.1	18642095	2743803	Complete Genome
GCA_019089635.1	19089635	2745643	Complete Genome
GCA_019089665.1	19089665	2745646	Complete Genome
GCA_019089715.1	19089715	2745662	Complete Genome
GCA_019089785.1	19089785	2745672	Complete Genome
GCA_019089795.1	19089795	2745673	Complete Genome
GCA_019089805.1	19089805	2745674	Complete Genome
GCA_019089885.1	19089885	2745684	Complete Genome
GCA_019089895.1	19089895	2745685	Complete Genome
GCA_019089945.1	19089945	2745691	Complete Genome
GCA_019089955.1	19089955	2745692	Complete Genome
GCA_019090025.1	19090025	2745699	Complete Genome
GCA_021090175.1	21090175	2986402	Complete Genome
GCA_021090185.1	21090185	2986411	Complete Genome
GCA_021090195.1	21090195	2986401	Complete Genome
GCA_021090205.1	21090205	2986412	Complete Genome
GCA_021090215.1	21090215	2986406	Complete Genome
GCA_021090225.1	21090225	2986397	Complete Genome
GCA_021090235.1	21090235	2986403	Complete Genome
GCA_021090245.1	21090245	2986399	Complete Genome
GCA_021090255.1	21090255	2986410	Complete Genome
GCA_021090265.1	21090265	2986405	Complete Genome
GCA_021090275.1	21090275	2986398	Complete Genome
GCA_021090285.1	21090285	2986407	Complete Genome
GCA_021090295.1	21090295	2986400	Complete Genome
GCA_021090305.1	21090305	2986395	Complete Genome
GCA_021090315.1	21090315	2986404	Complete Genome
GCA_021090325.1	21090325	2986394	Complete Genome
GCA_021090335.1	21090335	2986396	Complete Genome
GCA_021090345.1	21090345	2986417	Complete Genome
GCA_021090355.1	21090355	2986409	Complete Genome
GCA_021090375.1	21090375	2986420	Complete Genome
GCA_021090605.1	21090605	2986413	Complete Genome
GCA_021090625.1	21090625	2986418	Complete Genome
GCA_021090645.1	21090645	2986408	Complete Genome
GCA_021090655.1	21090655	2986419	Complete Genome
GCA_900010585.1	900010585	1970374	Complete Genome
GCA_900096485.1	900096485	1892569	Complete Genome
GCA_900156925.2	900156925	1934252	Complete Genome
GCA_902994725.1	902994725	2100421	Complete Genome
